Merchant_ID,Merchant_Category,City,State
MER100001,Fuel,Noida,Delhi
MER100002,Retail,Bengaluru,Delhi
MER100003,Utilities,Mumbai,Rajasthan
MER100004,Healthcare,Mumbai,Tamil Nadu
MER100005,Fuel,Surat,West Bengal
MER100006,Food & Dining,Nagpur,Maharashtra
MER100007,Travel,Pune,Telangana
MER100008,Fuel,New Delhi,West Bengal
MER100009,Food & Dining,Pune,Kerala
MER100010,Entertainment,Bengaluru,West Bengal
MER100011,Entertainment,Hyderabad,Telangana
MER100012,E-commerce,Jaipur,Rajasthan
MER100013,Grocery,Mumbai,Gujarat
MER100014,Utilities,Surat,Telangana
MER100015,Grocery,Surat,Telangana
MER100016,Retail,Chennai,Karnataka
MER100017,Travel,Kolkata,Tamil Nadu
MER100018,Education,Bengaluru,Telangana
MER100019,Grocery,Mumbai,Tamil Nadu
MER100020,Utilities,New Delhi,West Bengal
MER100021,Grocery,Hyderabad,Rajasthan
MER100022,Healthcare,Bengaluru,West Bengal
MER100023,Travel,Mumbai,Karnataka
MER100024,E-commerce,Mysuru,Rajasthan
MER100025,Education,Hyderabad,Telangana
MER100026,Travel,Bengaluru,Tamil Nadu
MER100027,Travel,Mumbai,Kerala
MER100028,Food & Dining,Ahmedabad,Telangana
MER100029,Fuel,Hyderabad,Rajasthan
MER100030,Food & Dining,Pune,Telangana
MER100031,Utilities,New Delhi,West Bengal
MER100032,Food & Dining,Pune,Telangana
MER100033,Grocery,Mysuru,West Bengal
MER100034,Grocery,Pune,Uttar Pradesh
MER100035,Education,Chennai,Kerala
MER100036,Healthcare,Mumbai,Uttar Pradesh
MER100037,Utilities,Pune,Kerala
MER100038,Grocery,Surat,West Bengal
MER100039,Retail,Kochi,Karnataka
MER100040,Utilities,Lucknow,West Bengal
MER100041,Travel,Chennai,West Bengal
MER100042,Education,Mumbai,Kerala
MER100043,Utilities,Hyderabad,Delhi
MER100044,E-commerce,Jaipur,Delhi
MER100045,Education,Jaipur,Gujarat
MER100046,Fuel,Nagpur,Tamil Nadu
MER100047,Utilities,Bengaluru,Delhi
MER100048,Fuel,Mysuru,Delhi
MER100049,Entertainment,Mumbai,Kerala
MER100050,Grocery,Lucknow,Karnataka
MER100051,Entertainment,Kolkata,Rajasthan
MER100052,Utilities,Lucknow,Uttar Pradesh
MER100053,Food & Dining,Kolkata,Gujarat
MER100054,Retail,Mysuru,Karnataka
MER100055,Utilities,Kolkata,Kerala
MER100056,Utilities,Ahmedabad,West Bengal
MER100057,Grocery,Mumbai,Delhi
MER100058,Education,Nagpur,Kerala
MER100059,Healthcare,Surat,Gujarat
MER100060,Retail,Bengaluru,West Bengal
MER100061,Grocery,Pune,Delhi
MER100062,Fuel,Nagpur,Rajasthan
MER100063,Utilities,Kolkata,Rajasthan
MER100064,Utilities,Ahmedabad,Delhi
MER100065,Education,Kochi,Telangana
MER100066,Healthcare,Ahmedabad,Rajasthan
MER100067,E-commerce,Surat,Uttar Pradesh
MER100068,Healthcare,Ahmedabad,Tamil Nadu
MER100069,Travel,Nagpur,Uttar Pradesh
MER100070,Fuel,Pune,Telangana
MER100071,Utilities,Jaipur,Rajasthan
MER100072,Healthcare,Surat,Tamil Nadu
MER100073,Travel,Bengaluru,Gujarat
MER100074,Grocery,Surat,Telangana
MER100075,Entertainment,Pune,West Bengal
MER100076,Grocery,Jaipur,Gujarat
MER100077,Utilities,Surat,Karnataka
MER100078,Entertainment,Surat,Maharashtra
MER100079,Food & Dining,Kochi,Gujarat
MER100080,Travel,Hyderabad,Gujarat
MER100081,Education,New Delhi,West Bengal
MER100082,Fuel,Kochi,Gujarat
MER100083,Education,Ahmedabad,Rajasthan
MER100084,Utilities,Ahmedabad,Maharashtra
MER100085,Travel,Nagpur,Maharashtra
MER100086,Entertainment,Mumbai,Maharashtra
MER100087,Travel,Surat,Tamil Nadu
MER100088,Healthcare,Lucknow,Delhi
MER100089,Retail,New Delhi,Gujarat
MER100090,Utilities,Lucknow,Kerala
MER100091,Fuel,New Delhi,Karnataka
MER100092,E-commerce,Ahmedabad,Tamil Nadu
MER100093,Entertainment,Kolkata,Tamil Nadu
MER100094,Entertainment,Hyderabad,Tamil Nadu
MER100095,Entertainment,Chennai,Tamil Nadu
MER100096,Utilities,Kolkata,Maharashtra
MER100097,Education,Ahmedabad,Gujarat
MER100098,Food & Dining,Kolkata,Telangana
MER100099,Utilities,Kolkata,Rajasthan
MER100100,Fuel,Lucknow,Kerala
MER100101,E-commerce,Nagpur,Rajasthan
MER100102,Fuel,Noida,Telangana
MER100103,Retail,Kochi,West Bengal
MER100104,Fuel,Surat,Maharashtra
MER100105,Utilities,Kochi,West Bengal
MER100106,Utilities,Ahmedabad,Gujarat
MER100107,Grocery,Mysuru,Maharashtra
MER100108,Food & Dining,Kochi,Rajasthan
MER100109,Healthcare,Jaipur,Kerala
MER100110,Fuel,Kolkata,West Bengal
MER100111,Healthcare,Kochi,Kerala
MER100112,Education,Noida,Rajasthan
MER100113,E-commerce,Ahmedabad,Maharashtra
MER100114,Food & Dining,Kochi,Rajasthan
MER100115,E-commerce,Chennai,Kerala
MER100116,Grocery,Ahmedabad,Maharashtra
MER100117,E-commerce,Lucknow,Kerala
MER100118,Education,Hyderabad,Uttar Pradesh
MER100119,Fuel,Jaipur,West Bengal
MER100120,Education,Kolkata,Rajasthan
MER100121,Education,Mysuru,Kerala
MER100122,E-commerce,Hyderabad,Tamil Nadu
MER100123,Grocery,New Delhi,Telangana
MER100124,E-commerce,Kochi,Gujarat
MER100125,Education,Kolkata,Uttar Pradesh
MER100126,Utilities,Noida,Rajasthan
MER100127,Utilities,Ahmedabad,Karnataka
MER100128,Entertainment,Lucknow,West Bengal
MER100129,Grocery,Nagpur,West Bengal
MER100130,Grocery,Mysuru,West Bengal
MER100131,Education,Chennai,Delhi
MER100132,Fuel,Mumbai,Karnataka
MER100133,Healthcare,New Delhi,Maharashtra
MER100134,Travel,Surat,Rajasthan
MER100135,Travel,Bengaluru,Maharashtra
MER100136,Food & Dining,Mumbai,Karnataka
MER100137,Travel,Kochi,Telangana
MER100138,Healthcare,Mumbai,West Bengal
MER100139,Food & Dining,Nagpur,West Bengal
MER100140,Healthcare,Hyderabad,Kerala
MER100141,E-commerce,Noida,Karnataka
MER100142,Travel,Mysuru,Rajasthan
MER100143,Education,Kochi,Delhi
MER100144,Food & Dining,Lucknow,Karnataka
MER100145,Utilities,Bengaluru,Karnataka
MER100146,Retail,Chennai,Maharashtra
MER100147,Education,Bengaluru,Maharashtra
MER100148,Food & Dining,Nagpur,West Bengal
MER100149,Food & Dining,Jaipur,Uttar Pradesh
MER100150,Food & Dining,Hyderabad,Telangana
MER100151,Fuel,Surat,Rajasthan
MER100152,Retail,Chennai,Delhi
MER100153,Travel,Lucknow,Karnataka
MER100154,Retail,Lucknow,Karnataka
MER100155,Education,Lucknow,Maharashtra
MER100156,Food & Dining,Jaipur,West Bengal
MER100157,Education,Lucknow,Uttar Pradesh
MER100158,Travel,Noida,Delhi
MER100159,Food & Dining,Chennai,Gujarat
MER100160,Education,Kolkata,Karnataka
MER100161,Fuel,Ahmedabad,Rajasthan
MER100162,Entertainment,Bengaluru,Uttar Pradesh
MER100163,Food & Dining,Kochi,Tamil Nadu
MER100164,Grocery,Jaipur,Delhi
MER100165,Fuel,Chennai,Maharashtra
MER100166,Healthcare,Pune,Maharashtra
MER100167,Grocery,New Delhi,Gujarat
MER100168,Education,Hyderabad,Karnataka
MER100169,Food & Dining,Kolkata,Gujarat
MER100170,Fuel,Kochi,Uttar Pradesh
MER100171,Entertainment,Mumbai,Delhi
MER100172,Entertainment,Nagpur,Maharashtra
MER100173,Fuel,Ahmedabad,Maharashtra
MER100174,Food & Dining,Surat,Gujarat
MER100175,Grocery,Ahmedabad,Uttar Pradesh
MER100176,Utilities,Hyderabad,Delhi
MER100177,Retail,Lucknow,Gujarat
MER100178,Fuel,Jaipur,Gujarat
MER100179,Entertainment,Mysuru,Kerala
MER100180,Utilities,Hyderabad,Gujarat
MER100181,Healthcare,Kolkata,Gujarat
MER100182,Grocery,Pune,Gujarat
MER100183,Retail,Mysuru,Gujarat
MER100184,Fuel,Ahmedabad,Tamil Nadu
MER100185,Healthcare,New Delhi,West Bengal
MER100186,E-commerce,Mumbai,Karnataka
MER100187,Healthcare,Chennai,Gujarat
MER100188,Travel,New Delhi,West Bengal
MER100189,Utilities,Nagpur,Uttar Pradesh
MER100190,Travel,Nagpur,Tamil Nadu
MER100191,Healthcare,New Delhi,Tamil Nadu
MER100192,Grocery,Ahmedabad,Rajasthan
MER100193,E-commerce,Bengaluru,Kerala
MER100194,Fuel,Lucknow,West Bengal
MER100195,Grocery,Ahmedabad,Delhi
MER100196,Travel,Nagpur,Karnataka
MER100197,Grocery,Nagpur,Telangana
MER100198,Fuel,Lucknow,Tamil Nadu
MER100199,Grocery,Bengaluru,Uttar Pradesh
MER100200,Food & Dining,Jaipur,Rajasthan
MER100201,Retail,Pune,Delhi
MER100202,Education,Ahmedabad,West Bengal
MER100203,Fuel,Mysuru,Kerala
MER100204,Entertainment,Chennai,Karnataka
MER100205,Grocery,Chennai,Telangana
MER100206,E-commerce,Mumbai,Maharashtra
MER100207,Utilities,Lucknow,Uttar Pradesh
MER100208,Food & Dining,Lucknow,Karnataka
MER100209,Grocery,Jaipur,West Bengal
MER100210,Healthcare,Hyderabad,Gujarat
MER100211,Grocery,Pune,Tamil Nadu
MER100212,Fuel,Bengaluru,Delhi
MER100213,Travel,Mysuru,Karnataka
MER100214,Fuel,Ahmedabad,Maharashtra
MER100215,Travel,Mysuru,West Bengal
MER100216,Grocery,Lucknow,Kerala
MER100217,Utilities,Mumbai,Uttar Pradesh
MER100218,Education,Bengaluru,Kerala
MER100219,Education,Mysuru,Kerala
MER100220,Grocery,Kochi,Maharashtra
MER100221,Fuel,Jaipur,Kerala
MER100222,Food & Dining,Pune,Kerala
MER100223,E-commerce,Mumbai,Gujarat
MER100224,Entertainment,Noida,Telangana
MER100225,Healthcare,Noida,Kerala
MER100226,Grocery,Pune,Maharashtra
MER100227,E-commerce,Bengaluru,Kerala
MER100228,Healthcare,Hyderabad,Tamil Nadu
MER100229,Education,Nagpur,Telangana
MER100230,Utilities,Noida,Rajasthan
MER100231,Grocery,Jaipur,Delhi
MER100232,Food & Dining,Surat,Kerala
MER100233,Healthcare,Bengaluru,Gujarat
MER100234,Food & Dining,Bengaluru,Telangana
MER100235,Food & Dining,Mysuru,West Bengal
MER100236,Utilities,Mumbai,Rajasthan
MER100237,E-commerce,Noida,Kerala
MER100238,Education,Mumbai,Rajasthan
MER100239,E-commerce,Lucknow,Delhi
MER100240,Education,Hyderabad,Maharashtra
MER100241,Retail,Noida,Gujarat
MER100242,Grocery,Kochi,Karnataka
MER100243,Food & Dining,Mysuru,Kerala
MER100244,Utilities,New Delhi,Delhi
MER100245,Travel,Kochi,Kerala
MER100246,Utilities,Nagpur,West Bengal
MER100247,Food & Dining,Bengaluru,Maharashtra
MER100248,Travel,Kochi,Tamil Nadu
MER100249,Fuel,Surat,Kerala
MER100250,Food & Dining,Mysuru,Kerala
MER100251,Utilities,Chennai,Karnataka
MER100252,Grocery,Pune,West Bengal
MER100253,Retail,New Delhi,Gujarat
MER100254,Food & Dining,Noida,Tamil Nadu
MER100255,Food & Dining,Chennai,Tamil Nadu
MER100256,Food & Dining,Noida,Rajasthan
MER100257,E-commerce,Mysuru,Karnataka
MER100258,E-commerce,Lucknow,Tamil Nadu
MER100259,Grocery,Mysuru,Gujarat
MER100260,Retail,Lucknow,Maharashtra
MER100261,Travel,Kolkata,Maharashtra
MER100262,Education,Mysuru,Rajasthan
MER100263,Fuel,Noida,Karnataka
MER100264,Travel,Kolkata,Kerala
MER100265,Food & Dining,Kochi,Kerala
MER100266,E-commerce,New Delhi,West Bengal
MER100267,Grocery,Noida,Telangana
MER100268,Fuel,Surat,Tamil Nadu
MER100269,Retail,Surat,West Bengal
MER100270,Food & Dining,Mumbai,West Bengal
MER100271,E-commerce,Bengaluru,Maharashtra
MER100272,Retail,Chennai,Tamil Nadu
MER100273,Utilities,Noida,Kerala
MER100274,E-commerce,Jaipur,Rajasthan
MER100275,Healthcare,New Delhi,Uttar Pradesh
MER100276,Retail,Mysuru,Telangana
MER100277,Retail,Mysuru,Rajasthan
MER100278,E-commerce,Noida,Rajasthan
MER100279,Utilities,Noida,Gujarat
MER100280,Travel,Bengaluru,Uttar Pradesh
MER100281,Utilities,Mysuru,Delhi
MER100282,Retail,Noida,Tamil Nadu
MER100283,Retail,Pune,Maharashtra
MER100284,Grocery,Chennai,Telangana
MER100285,Education,Nagpur,Kerala
MER100286,Travel,Noida,Uttar Pradesh
MER100287,Education,Mumbai,Telangana
MER100288,Education,Lucknow,Rajasthan
MER100289,Retail,Lucknow,Karnataka
MER100290,Fuel,Pune,Maharashtra
MER100291,E-commerce,Mysuru,West Bengal
MER100292,Travel,Jaipur,Karnataka
MER100293,E-commerce,Hyderabad,Gujarat
MER100294,Fuel,Mysuru,Delhi
MER100295,Entertainment,Kolkata,Telangana
MER100296,Healthcare,Nagpur,Delhi
MER100297,Fuel,New Delhi,Maharashtra
MER100298,Fuel,Bengaluru,Rajasthan
MER100299,Food & Dining,Pune,Delhi
MER100300,Retail,Bengaluru,Tamil Nadu
MER100301,Grocery,Mysuru,Karnataka
MER100302,Grocery,New Delhi,Karnataka
MER100303,Retail,Mumbai,Kerala
MER100304,Utilities,Lucknow,Gujarat
MER100305,Utilities,Ahmedabad,West Bengal
MER100306,Grocery,Kochi,Gujarat
MER100307,E-commerce,Mumbai,Karnataka
MER100308,Travel,Noida,Delhi
MER100309,Education,Bengaluru,Tamil Nadu
MER100310,Food & Dining,Lucknow,Maharashtra
MER100311,Grocery,Hyderabad,Telangana
MER100312,Education,Bengaluru,Tamil Nadu
MER100313,Grocery,Mumbai,Telangana
MER100314,E-commerce,Chennai,Telangana
MER100315,Education,Chennai,Rajasthan
MER100316,Education,Nagpur,Uttar Pradesh
MER100317,Fuel,Kolkata,Telangana
MER100318,Grocery,Kochi,Uttar Pradesh
MER100319,E-commerce,Bengaluru,Tamil Nadu
MER100320,Education,Mumbai,Karnataka
MER100321,Food & Dining,Mumbai,Delhi
MER100322,Fuel,Nagpur,Tamil Nadu
MER100323,Retail,Mysuru,Telangana
MER100324,Travel,Noida,Uttar Pradesh
MER100325,Education,Chennai,Telangana
MER100326,Fuel,Kochi,Maharashtra
MER100327,Entertainment,Lucknow,Karnataka
MER100328,Education,Chennai,Telangana
MER100329,Retail,Pune,West Bengal
MER100330,Food & Dining,Lucknow,Uttar Pradesh
MER100331,Fuel,Noida,Delhi
MER100332,Utilities,Kolkata,Rajasthan
MER100333,Entertainment,Hyderabad,Telangana
MER100334,Healthcare,Mysuru,Maharashtra
MER100335,Travel,Hyderabad,Maharashtra
MER100336,Education,Kochi,Kerala
MER100337,E-commerce,Nagpur,Maharashtra
MER100338,Grocery,New Delhi,Gujarat
MER100339,Healthcare,Nagpur,Delhi
MER100340,Fuel,Pune,Tamil Nadu
MER100341,Grocery,Hyderabad,Telangana
MER100342,Grocery,Nagpur,Gujarat
MER100343,Retail,Pune,Maharashtra
MER100344,Grocery,Mumbai,Gujarat
MER100345,Retail,Noida,West Bengal
MER100346,Travel,Ahmedabad,Telangana
MER100347,E-commerce,New Delhi,Maharashtra
MER100348,Travel,Bengaluru,Delhi
MER100349,E-commerce,Lucknow,Kerala
MER100350,E-commerce,Nagpur,Rajasthan
MER100351,Grocery,New Delhi,Kerala
MER100352,Food & Dining,Bengaluru,Karnataka
MER100353,Utilities,New Delhi,Maharashtra
MER100354,Food & Dining,Chennai,Kerala
MER100355,Grocery,Ahmedabad,Maharashtra
MER100356,E-commerce,Nagpur,West Bengal
MER100357,Travel,Jaipur,West Bengal
MER100358,Grocery,Bengaluru,Kerala
MER100359,Fuel,Chennai,Maharashtra
MER100360,Travel,Noida,Tamil Nadu
MER100361,Healthcare,Noida,Rajasthan
MER100362,Retail,Lucknow,Uttar Pradesh
MER100363,E-commerce,New Delhi,Rajasthan
MER100364,Entertainment,Pune,Kerala
MER100365,Healthcare,Hyderabad,Rajasthan
MER100366,Healthcare,Surat,Tamil Nadu
MER100367,Grocery,Noida,Delhi
MER100368,Fuel,Nagpur,Karnataka
MER100369,E-commerce,Nagpur,Tamil Nadu
MER100370,Food & Dining,Mysuru,West Bengal
MER100371,Travel,Chennai,Maharashtra
MER100372,Travel,Hyderabad,Karnataka
MER100373,Fuel,Ahmedabad,Delhi
MER100374,Food & Dining,Kochi,Telangana
MER100375,Healthcare,Surat,Tamil Nadu
MER100376,Entertainment,Ahmedabad,Delhi
MER100377,Travel,Kochi,Maharashtra
MER100378,Retail,Surat,Maharashtra
MER100379,Fuel,Kochi,Uttar Pradesh
MER100380,Grocery,Surat,Rajasthan
MER100381,Grocery,Pune,Tamil Nadu
MER100382,Travel,Noida,Uttar Pradesh
MER100383,Grocery,Pune,Telangana
MER100384,Fuel,Chennai,Karnataka
MER100385,Utilities,Bengaluru,Gujarat
MER100386,Travel,New Delhi,Maharashtra
MER100387,Food & Dining,Kochi,Telangana
MER100388,Utilities,Ahmedabad,Maharashtra
MER100389,Travel,Mumbai,Rajasthan
MER100390,Entertainment,Kochi,Karnataka
MER100391,Travel,Surat,Karnataka
MER100392,Retail,Kolkata,Maharashtra
MER100393,Travel,Mumbai,West Bengal
MER100394,Retail,Hyderabad,Kerala
MER100395,Utilities,Surat,Uttar Pradesh
MER100396,Food & Dining,Noida,Rajasthan
MER100397,Entertainment,Kochi,Karnataka
MER100398,E-commerce,Mumbai,Telangana
MER100399,Utilities,Pune,Gujarat
MER100400,Retail,Pune,Gujarat
MER100401,Travel,Bengaluru,Kerala
MER100402,Education,Pune,Gujarat
MER100403,Travel,Lucknow,Maharashtra
MER100404,Travel,New Delhi,Uttar Pradesh
MER100405,Travel,Lucknow,Karnataka
MER100406,Healthcare,Ahmedabad,Maharashtra
MER100407,Entertainment,Mumbai,Kerala
MER100408,Entertainment,Pune,Telangana
MER100409,Grocery,Ahmedabad,Telangana
MER100410,Education,Nagpur,Karnataka
MER100411,Healthcare,Lucknow,Karnataka
MER100412,Entertainment,Mysuru,Telangana
MER100413,Utilities,Pune,Delhi
MER100414,Entertainment,Lucknow,Gujarat
MER100415,Grocery,Jaipur,Kerala
MER100416,Grocery,Nagpur,West Bengal
MER100417,Fuel,Kolkata,Tamil Nadu
MER100418,Education,Hyderabad,Maharashtra
MER100419,Healthcare,New Delhi,West Bengal
MER100420,E-commerce,Kochi,Tamil Nadu
MER100421,Healthcare,Noida,Karnataka
MER100422,Food & Dining,Ahmedabad,Telangana
MER100423,Travel,Bengaluru,Gujarat
MER100424,Fuel,Hyderabad,Gujarat
MER100425,Retail,Lucknow,Tamil Nadu
MER100426,Food & Dining,Surat,Maharashtra
MER100427,Fuel,Kochi,Kerala
MER100428,Healthcare,Pune,Kerala
MER100429,Fuel,Bengaluru,Rajasthan
MER100430,Travel,Lucknow,Tamil Nadu
MER100431,Healthcare,Mysuru,Telangana
MER100432,Fuel,Nagpur,Maharashtra
MER100433,Education,Bengaluru,Maharashtra
MER100434,E-commerce,Mysuru,Rajasthan
MER100435,Healthcare,Mysuru,Kerala
MER100436,Healthcare,Lucknow,Uttar Pradesh
MER100437,Utilities,Bengaluru,Tamil Nadu
MER100438,Retail,Jaipur,Uttar Pradesh
MER100439,Utilities,Ahmedabad,Gujarat
MER100440,Fuel,Kochi,Gujarat
MER100441,Education,Pune,Tamil Nadu
MER100442,Travel,Mysuru,Karnataka
MER100443,E-commerce,Nagpur,Tamil Nadu
MER100444,Retail,Chennai,Maharashtra
MER100445,Travel,Bengaluru,Uttar Pradesh
MER100446,Education,Nagpur,Kerala
MER100447,E-commerce,Kolkata,West Bengal
MER100448,Fuel,New Delhi,Uttar Pradesh
MER100449,Healthcare,Noida,Karnataka
MER100450,Fuel,Chennai,Telangana
MER100451,E-commerce,Jaipur,Rajasthan
MER100452,Food & Dining,Bengaluru,Karnataka
MER100453,Food & Dining,Noida,Tamil Nadu
MER100454,Education,Pune,Karnataka
MER100455,Fuel,Kochi,Tamil Nadu
MER100456,Utilities,Surat,West Bengal
MER100457,Retail,Jaipur,Maharashtra
MER100458,Travel,Kochi,Maharashtra
MER100459,Food & Dining,Noida,Maharashtra
MER100460,Grocery,Kolkata,Tamil Nadu
MER100461,Fuel,Pune,Tamil Nadu
MER100462,Fuel,Lucknow,Kerala
MER100463,Retail,Noida,Maharashtra
MER100464,Education,Bengaluru,Uttar Pradesh
MER100465,Entertainment,Pune,Kerala
MER100466,Utilities,Chennai,Rajasthan
MER100467,Education,Lucknow,Telangana
MER100468,E-commerce,Mumbai,Karnataka
MER100469,Travel,Mumbai,Telangana
MER100470,Utilities,Ahmedabad,Rajasthan
MER100471,Retail,Kochi,Tamil Nadu
MER100472,Travel,Ahmedabad,Delhi
MER100473,Healthcare,Surat,Uttar Pradesh
MER100474,Grocery,Nagpur,Uttar Pradesh
MER100475,Entertainment,Noida,Maharashtra
MER100476,Utilities,Bengaluru,West Bengal
MER100477,E-commerce,Kolkata,Tamil Nadu
MER100478,Travel,Nagpur,Maharashtra
MER100479,Fuel,Hyderabad,Uttar Pradesh
MER100480,Fuel,Pune,West Bengal
MER100481,E-commerce,New Delhi,Tamil Nadu
MER100482,E-commerce,Lucknow,Gujarat
MER100483,Education,Nagpur,Maharashtra
MER100484,Food & Dining,Noida,Tamil Nadu
MER100485,Grocery,Bengaluru,Rajasthan
MER100486,Healthcare,Mumbai,Uttar Pradesh
MER100487,Education,Kolkata,Rajasthan
MER100488,Utilities,Surat,Karnataka
MER100489,E-commerce,Pune,Telangana
MER100490,Fuel,Lucknow,West Bengal
MER100491,Utilities,Chennai,Rajasthan
MER100492,Healthcare,Kochi,West Bengal
MER100493,Grocery,Ahmedabad,Kerala
MER100494,Travel,Ahmedabad,Maharashtra
MER100495,Fuel,Mumbai,Tamil Nadu
MER100496,E-commerce,Pune,Tamil Nadu
MER100497,Grocery,Noida,Delhi
MER100498,Healthcare,Mysuru,Telangana
MER100499,Food & Dining,Kolkata,Telangana
MER100500,Healthcare,Nagpur,Rajasthan
MER100501,Food & Dining,Surat,Tamil Nadu
MER100502,Food & Dining,Kolkata,Maharashtra
MER100503,Food & Dining,Chennai,Delhi
MER100504,Entertainment,Bengaluru,Uttar Pradesh
MER100505,Education,New Delhi,West Bengal
MER100506,Utilities,Chennai,Tamil Nadu
MER100507,Grocery,Mysuru,Maharashtra
MER100508,Healthcare,Ahmedabad,Gujarat
MER100509,Grocery,Pune,Rajasthan
MER100510,Travel,Bengaluru,Maharashtra
MER100511,Healthcare,Chennai,Rajasthan
MER100512,Food & Dining,Hyderabad,Telangana
MER100513,E-commerce,Kochi,Kerala
MER100514,Education,Pune,Karnataka
MER100515,Healthcare,Kochi,West Bengal
MER100516,Travel,Bengaluru,Karnataka
MER100517,Education,Chennai,Maharashtra
MER100518,E-commerce,Chennai,West Bengal
MER100519,Education,Kochi,Rajasthan
MER100520,Retail,New Delhi,West Bengal
MER100521,Healthcare,New Delhi,Uttar Pradesh
MER100522,Education,Pune,West Bengal
MER100523,Fuel,Noida,West Bengal
MER100524,Education,Jaipur,Gujarat
MER100525,Education,Nagpur,Karnataka
MER100526,Grocery,Noida,Uttar Pradesh
MER100527,Fuel,Mumbai,Gujarat
MER100528,Fuel,Chennai,Uttar Pradesh
MER100529,E-commerce,Lucknow,Karnataka
MER100530,E-commerce,Pune,Gujarat
MER100531,Education,New Delhi,Tamil Nadu
MER100532,Food & Dining,Lucknow,Telangana
MER100533,Travel,Bengaluru,West Bengal
MER100534,Retail,Hyderabad,Telangana
MER100535,Utilities,Nagpur,Gujarat
MER100536,E-commerce,Jaipur,Telangana
MER100537,Fuel,Hyderabad,Delhi
MER100538,E-commerce,Hyderabad,Maharashtra
MER100539,Utilities,Noida,Rajasthan
MER100540,Grocery,Mysuru,Gujarat
MER100541,Education,Kolkata,Uttar Pradesh
MER100542,Utilities,Kolkata,Maharashtra
MER100543,Healthcare,Jaipur,Maharashtra
MER100544,Entertainment,Chennai,West Bengal
MER100545,Entertainment,Mysuru,Delhi
MER100546,Entertainment,Kochi,Kerala
MER100547,Retail,New Delhi,Telangana
MER100548,Retail,Mysuru,Gujarat
MER100549,Healthcare,Chennai,Delhi
MER100550,Utilities,Kochi,Rajasthan
MER100551,Education,Ahmedabad,Telangana
MER100552,Utilities,Mysuru,Maharashtra
MER100553,Travel,Chennai,Telangana
MER100554,Food & Dining,Jaipur,Karnataka
MER100555,Retail,Ahmedabad,Uttar Pradesh
MER100556,Travel,Pune,Maharashtra
MER100557,Utilities,Surat,West Bengal
MER100558,Retail,Ahmedabad,Delhi
MER100559,Food & Dining,Pune,Tamil Nadu
MER100560,Food & Dining,Nagpur,Delhi
MER100561,Grocery,Lucknow,Karnataka
MER100562,Fuel,Surat,Gujarat
MER100563,E-commerce,Lucknow,Rajasthan
MER100564,Grocery,Mysuru,West Bengal
MER100565,Travel,Pune,Rajasthan
MER100566,E-commerce,Hyderabad,Karnataka
MER100567,Food & Dining,Ahmedabad,Uttar Pradesh
MER100568,Travel,Pune,Gujarat
MER100569,Travel,Nagpur,Gujarat
MER100570,Education,Mumbai,Rajasthan
MER100571,Travel,Chennai,Uttar Pradesh
MER100572,Utilities,Mysuru,Karnataka
MER100573,Education,Chennai,Gujarat
MER100574,Utilities,Mumbai,Maharashtra
MER100575,Entertainment,Hyderabad,Kerala
MER100576,Fuel,Pune,Kerala
MER100577,Utilities,Chennai,Tamil Nadu
MER100578,Fuel,Noida,Gujarat
MER100579,Education,Surat,Maharashtra
MER100580,Utilities,Mumbai,Uttar Pradesh
MER100581,E-commerce,Lucknow,Rajasthan
MER100582,Retail,Kolkata,Maharashtra
MER100583,Healthcare,Hyderabad,Delhi
MER100584,Food & Dining,Hyderabad,Tamil Nadu
MER100585,Utilities,New Delhi,West Bengal
MER100586,Fuel,Mysuru,Tamil Nadu
MER100587,Education,Hyderabad,Rajasthan
MER100588,Travel,Nagpur,Karnataka
MER100589,Travel,Lucknow,West Bengal
MER100590,Entertainment,Bengaluru,Tamil Nadu
MER100591,Grocery,Kochi,Uttar Pradesh
MER100592,Retail,Hyderabad,Rajasthan
MER100593,Retail,Chennai,Rajasthan
MER100594,E-commerce,Chennai,Maharashtra
MER100595,Food & Dining,New Delhi,Maharashtra
MER100596,Retail,Lucknow,Gujarat
MER100597,Food & Dining,Chennai,Delhi
MER100598,Education,Jaipur,Gujarat
MER100599,Travel,Jaipur,Telangana
MER100600,Food & Dining,Noida,Karnataka
MER100601,Grocery,Jaipur,Gujarat
MER100602,Food & Dining,Surat,Gujarat
MER100603,Healthcare,Surat,West Bengal
MER100604,Fuel,Bengaluru,Karnataka
MER100605,Entertainment,Mysuru,West Bengal
MER100606,Healthcare,Surat,Kerala
MER100607,Food & Dining,Nagpur,Rajasthan
MER100608,Education,Noida,Karnataka
MER100609,Entertainment,Surat,Rajasthan
MER100610,Grocery,Kochi,Kerala
MER100611,Grocery,Lucknow,Tamil Nadu
MER100612,Retail,Ahmedabad,Gujarat
MER100613,Retail,Surat,Tamil Nadu
MER100614,Retail,Pune,Kerala
MER100615,Education,Mumbai,Karnataka
MER100616,Retail,Jaipur,Telangana
MER100617,Grocery,Hyderabad,Tamil Nadu
MER100618,E-commerce,Noida,Tamil Nadu
MER100619,Retail,Pune,Rajasthan
MER100620,Food & Dining,Kolkata,Tamil Nadu
MER100621,Fuel,Mysuru,Tamil Nadu
MER100622,Utilities,Chennai,Uttar Pradesh
MER100623,Grocery,Surat,West Bengal
MER100624,E-commerce,Ahmedabad,Uttar Pradesh
MER100625,E-commerce,Bengaluru,Rajasthan
MER100626,Utilities,Jaipur,Tamil Nadu
MER100627,Utilities,Kolkata,Uttar Pradesh
MER100628,Retail,Nagpur,Telangana
MER100629,Utilities,Bengaluru,Uttar Pradesh
MER100630,Fuel,Kochi,Gujarat
MER100631,Education,Surat,West Bengal
MER100632,Education,Surat,Uttar Pradesh
MER100633,Travel,New Delhi,Karnataka
MER100634,Travel,Jaipur,Maharashtra
MER100635,Travel,Bengaluru,Telangana
MER100636,Utilities,Nagpur,Gujarat
MER100637,Grocery,Surat,Maharashtra
MER100638,Fuel,Hyderabad,Kerala
MER100639,Education,Pune,West Bengal
MER100640,Utilities,Surat,Karnataka
MER100641,Food & Dining,Mysuru,Gujarat
MER100642,Fuel,Chennai,Telangana
MER100643,Travel,Hyderabad,Telangana
MER100644,Grocery,Kochi,West Bengal
MER100645,Retail,Surat,Rajasthan
MER100646,Retail,Kochi,Delhi
MER100647,E-commerce,Jaipur,Maharashtra
MER100648,Utilities,Noida,Telangana
MER100649,E-commerce,Nagpur,Telangana
MER100650,Education,Bengaluru,Kerala
MER100651,Grocery,Jaipur,West Bengal
MER100652,Retail,Kochi,Karnataka
MER100653,Utilities,Jaipur,Telangana
MER100654,Entertainment,Chennai,Delhi
MER100655,Travel,Kochi,West Bengal
MER100656,Healthcare,New Delhi,Tamil Nadu
MER100657,Retail,Chennai,Uttar Pradesh
MER100658,Retail,Kochi,Rajasthan
MER100659,Fuel,Nagpur,Tamil Nadu
MER100660,Grocery,Surat,Delhi
MER100661,E-commerce,Kochi,Kerala
MER100662,Fuel,Chennai,Maharashtra
MER100663,Utilities,Jaipur,Kerala
MER100664,Utilities,Mumbai,Maharashtra
MER100665,Education,Kolkata,Gujarat
MER100666,Utilities,Chennai,Delhi
MER100667,Healthcare,Hyderabad,West Bengal
MER100668,Grocery,Kolkata,Uttar Pradesh
MER100669,Healthcare,Jaipur,Rajasthan
MER100670,Food & Dining,Pune,Kerala
MER100671,Fuel,Jaipur,West Bengal
MER100672,Fuel,Mysuru,Rajasthan
MER100673,Grocery,Noida,Rajasthan
MER100674,Food & Dining,Kochi,Karnataka
MER100675,Fuel,Nagpur,Gujarat
MER100676,Grocery,Mumbai,Telangana
MER100677,Education,Mysuru,Karnataka
MER100678,Retail,Jaipur,Uttar Pradesh
MER100679,Healthcare,Kochi,Kerala
MER100680,Utilities,Lucknow,Karnataka
MER100681,Retail,Ahmedabad,Telangana
MER100682,Utilities,Jaipur,Maharashtra
MER100683,Utilities,Lucknow,Karnataka
MER100684,Grocery,Pune,Rajasthan
MER100685,Entertainment,Pune,Telangana
MER100686,Grocery,Kolkata,Karnataka
MER100687,Travel,Nagpur,Rajasthan
MER100688,Travel,Hyderabad,Maharashtra
MER100689,E-commerce,Lucknow,Tamil Nadu
MER100690,Healthcare,Surat,Kerala
MER100691,Fuel,New Delhi,Karnataka
MER100692,Travel,Nagpur,Tamil Nadu
MER100693,Entertainment,Nagpur,Telangana
MER100694,Food & Dining,Hyderabad,Kerala
MER100695,Travel,Ahmedabad,Telangana
MER100696,Travel,Lucknow,Telangana
MER100697,Food & Dining,Nagpur,Kerala
MER100698,Food & Dining,Pune,Kerala
MER100699,Entertainment,Mysuru,Maharashtra
MER100700,Entertainment,Surat,Maharashtra
MER100701,Fuel,Mumbai,Kerala
MER100702,Education,Mumbai,Tamil Nadu
MER100703,Food & Dining,Mumbai,Karnataka
MER100704,Grocery,Bengaluru,Uttar Pradesh
MER100705,Travel,Surat,Uttar Pradesh
MER100706,Grocery,Surat,Karnataka
MER100707,Fuel,New Delhi,Tamil Nadu
MER100708,Education,Ahmedabad,Karnataka
MER100709,Retail,Hyderabad,Rajasthan
MER100710,E-commerce,Surat,Maharashtra
MER100711,E-commerce,Ahmedabad,Gujarat
MER100712,Education,Pune,Maharashtra
MER100713,Healthcare,Lucknow,West Bengal
MER100714,E-commerce,New Delhi,West Bengal
MER100715,Fuel,Bengaluru,Karnataka
MER100716,Utilities,Mumbai,Rajasthan
MER100717,Healthcare,Kolkata,West Bengal
MER100718,Healthcare,Jaipur,Rajasthan
MER100719,Fuel,Hyderabad,Delhi
MER100720,Entertainment,Mumbai,Rajasthan
MER100721,Food & Dining,Mysuru,Delhi
MER100722,Travel,Nagpur,Maharashtra
MER100723,Travel,Lucknow,Gujarat
MER100724,Food & Dining,Noida,Karnataka
MER100725,Grocery,Chennai,Tamil Nadu
MER100726,Fuel,Bengaluru,Kerala
MER100727,Grocery,Mumbai,Tamil Nadu
MER100728,Entertainment,Ahmedabad,Uttar Pradesh
MER100729,E-commerce,Hyderabad,Rajasthan
MER100730,Healthcare,New Delhi,Delhi
MER100731,Healthcare,Bengaluru,Maharashtra
MER100732,Travel,Hyderabad,Kerala
MER100733,Utilities,Ahmedabad,Kerala
MER100734,Healthcare,Kolkata,Telangana
MER100735,Fuel,Bengaluru,Maharashtra
MER100736,Healthcare,New Delhi,Rajasthan
MER100737,Food & Dining,Nagpur,Tamil Nadu
MER100738,E-commerce,Mysuru,Uttar Pradesh
MER100739,E-commerce,Jaipur,Delhi
MER100740,Food & Dining,Mumbai,Rajasthan
MER100741,Utilities,Jaipur,Rajasthan
MER100742,E-commerce,Lucknow,Maharashtra
MER100743,Education,Kolkata,Kerala
MER100744,Fuel,Noida,Karnataka
MER100745,Utilities,Hyderabad,Karnataka
MER100746,Entertainment,Kochi,West Bengal
MER100747,Healthcare,Noida,Tamil Nadu
MER100748,Healthcare,New Delhi,Telangana
MER100749,Travel,Chennai,Gujarat
MER100750,Fuel,Noida,Gujarat
MER100751,Travel,Noida,Telangana
MER100752,E-commerce,Nagpur,Delhi
MER100753,Grocery,Noida,Telangana
MER100754,Entertainment,Mumbai,West Bengal
MER100755,Fuel,Chennai,West Bengal
MER100756,Fuel,New Delhi,Uttar Pradesh
MER100757,Food & Dining,Chennai,Tamil Nadu
MER100758,Healthcare,Nagpur,Uttar Pradesh
MER100759,Utilities,New Delhi,Delhi
MER100760,Fuel,Nagpur,Delhi
MER100761,Entertainment,Surat,Telangana
MER100762,Travel,New Delhi,Gujarat
MER100763,Fuel,Chennai,Karnataka
MER100764,Travel,Nagpur,West Bengal
MER100765,Grocery,Kochi,Gujarat
MER100766,Food & Dining,Lucknow,Uttar Pradesh
MER100767,Education,Jaipur,Gujarat
MER100768,Education,Chennai,Kerala
MER100769,Entertainment,Surat,Gujarat
MER100770,Entertainment,Bengaluru,Maharashtra
MER100771,Utilities,Kochi,Tamil Nadu
MER100772,E-commerce,Mumbai,Rajasthan
MER100773,Grocery,Kochi,Uttar Pradesh
MER100774,Travel,Mysuru,Karnataka
MER100775,Healthcare,Noida,Maharashtra
MER100776,Retail,Kochi,Uttar Pradesh
MER100777,Utilities,Hyderabad,Delhi
MER100778,Fuel,Kolkata,Delhi
MER100779,Entertainment,Pune,Rajasthan
MER100780,Retail,Mysuru,Rajasthan
MER100781,Education,Kochi,Uttar Pradesh
MER100782,Travel,Mumbai,Gujarat
MER100783,Entertainment,Hyderabad,Kerala
MER100784,E-commerce,Kochi,Uttar Pradesh
MER100785,Healthcare,Nagpur,Delhi
MER100786,Grocery,Noida,Delhi
MER100787,Food & Dining,Ahmedabad,Uttar Pradesh
MER100788,Travel,Jaipur,Maharashtra
MER100789,Retail,Jaipur,Maharashtra
MER100790,Entertainment,Ahmedabad,Kerala
MER100791,E-commerce,Bengaluru,Gujarat
MER100792,Utilities,Noida,Karnataka
MER100793,Entertainment,Nagpur,Tamil Nadu
MER100794,Education,Kochi,Telangana
MER100795,Food & Dining,Bengaluru,Karnataka
MER100796,Utilities,Bengaluru,Maharashtra
MER100797,Healthcare,Lucknow,Delhi
MER100798,Fuel,Kochi,Telangana
MER100799,Education,Noida,Maharashtra
MER100800,E-commerce,Surat,Gujarat
MER100801,Education,Pune,Rajasthan
MER100802,Travel,Mysuru,Uttar Pradesh
MER100803,Education,Mysuru,Uttar Pradesh
MER100804,Fuel,Kolkata,West Bengal
MER100805,Fuel,Mysuru,West Bengal
MER100806,Utilities,Surat,Gujarat
MER100807,Utilities,Chennai,West Bengal
MER100808,Entertainment,Mumbai,Karnataka
MER100809,Healthcare,Kochi,Rajasthan
MER100810,Food & Dining,New Delhi,Karnataka
MER100811,E-commerce,Noida,Gujarat
MER100812,Fuel,Surat,Maharashtra
MER100813,Travel,Mumbai,Maharashtra
MER100814,Grocery,Bengaluru,West Bengal
MER100815,E-commerce,Lucknow,Kerala
MER100816,Fuel,Noida,Uttar Pradesh
MER100817,Grocery,Lucknow,Maharashtra
MER100818,Education,Jaipur,Tamil Nadu
MER100819,Grocery,Surat,Maharashtra
MER100820,Grocery,Surat,West Bengal
MER100821,Fuel,Noida,Telangana
MER100822,Utilities,Mysuru,Karnataka
MER100823,E-commerce,Bengaluru,Rajasthan
MER100824,Healthcare,Kochi,Tamil Nadu
MER100825,Retail,Kochi,Telangana
MER100826,E-commerce,Kolkata,Gujarat
MER100827,Fuel,Hyderabad,Delhi
MER100828,Education,Ahmedabad,Rajasthan
MER100829,Travel,Nagpur,West Bengal
MER100830,Travel,Kochi,West Bengal
MER100831,Education,Jaipur,Karnataka
MER100832,Travel,Mumbai,Delhi
MER100833,Travel,Chennai,Maharashtra
MER100834,Fuel,Chennai,Tamil Nadu
MER100835,E-commerce,Lucknow,West Bengal
MER100836,E-commerce,Mysuru,Delhi
MER100837,Fuel,Chennai,Uttar Pradesh
MER100838,Healthcare,Chennai,Rajasthan
MER100839,Utilities,Kolkata,Delhi
MER100840,Healthcare,Kochi,Rajasthan
MER100841,Entertainment,Bengaluru,Maharashtra
MER100842,Food & Dining,Mysuru,Gujarat
MER100843,Entertainment,Surat,Uttar Pradesh
MER100844,Entertainment,Pune,Tamil Nadu
MER100845,Travel,Jaipur,Telangana
MER100846,E-commerce,Chennai,West Bengal
MER100847,Travel,Kochi,Tamil Nadu
MER100848,Utilities,Kolkata,Kerala
MER100849,Utilities,Pune,Rajasthan
MER100850,E-commerce,Ahmedabad,Rajasthan
MER100851,Entertainment,Bengaluru,West Bengal
MER100852,E-commerce,Pune,Kerala
MER100853,Fuel,Ahmedabad,Kerala
MER100854,Fuel,New Delhi,Uttar Pradesh
MER100855,Education,Kochi,Delhi
MER100856,Education,Mumbai,West Bengal
MER100857,Retail,Bengaluru,Telangana
MER100858,Grocery,Noida,Maharashtra
MER100859,Food & Dining,Ahmedabad,Telangana
MER100860,Travel,Lucknow,Maharashtra
MER100861,E-commerce,Ahmedabad,Rajasthan
MER100862,E-commerce,Nagpur,Telangana
MER100863,Utilities,Mysuru,Telangana
MER100864,Entertainment,Hyderabad,West Bengal
MER100865,Entertainment,Jaipur,Kerala
MER100866,Grocery,Bengaluru,Kerala
MER100867,Education,Mysuru,Tamil Nadu
MER100868,Healthcare,Mumbai,Delhi
MER100869,Fuel,Surat,Karnataka
MER100870,Education,Kolkata,Rajasthan
MER100871,Food & Dining,Jaipur,Telangana
MER100872,Healthcare,Hyderabad,Karnataka
MER100873,Grocery,Surat,Tamil Nadu
MER100874,Food & Dining,Kochi,West Bengal
MER100875,Healthcare,Surat,Delhi
MER100876,Fuel,Chennai,Kerala
MER100877,Entertainment,Kochi,Rajasthan
MER100878,Fuel,Bengaluru,Kerala
MER100879,Utilities,Kochi,Telangana
MER100880,Travel,Nagpur,Karnataka
MER100881,Retail,Bengaluru,West Bengal
MER100882,Fuel,Mysuru,Tamil Nadu
MER100883,Education,Mysuru,West Bengal
MER100884,Fuel,Kochi,West Bengal
MER100885,Grocery,Noida,Delhi
MER100886,E-commerce,Hyderabad,Karnataka
MER100887,E-commerce,Mysuru,Gujarat
MER100888,Retail,Mysuru,Rajasthan
MER100889,Healthcare,Lucknow,Delhi
MER100890,Retail,Noida,Kerala
MER100891,Education,Hyderabad,Karnataka
MER100892,Healthcare,Pune,Delhi
MER100893,Healthcare,Mumbai,Maharashtra
MER100894,Healthcare,Bengaluru,Telangana
MER100895,Utilities,Hyderabad,Tamil Nadu
MER100896,Grocery,Mumbai,Kerala
MER100897,Healthcare,Ahmedabad,Gujarat
MER100898,Grocery,Kolkata,West Bengal
MER100899,Education,Jaipur,Delhi
MER100900,Entertainment,Kolkata,Kerala
MER100901,Food & Dining,Kolkata,Telangana
MER100902,Entertainment,Pune,Karnataka
MER100903,Entertainment,Pune,Karnataka
MER100904,Entertainment,Chennai,Telangana
MER100905,Food & Dining,Pune,Delhi
MER100906,Retail,Chennai,Delhi
MER100907,Utilities,Pune,West Bengal
MER100908,E-commerce,Nagpur,Maharashtra
MER100909,Entertainment,Noida,Telangana
MER100910,Utilities,Jaipur,Karnataka
MER100911,Healthcare,Jaipur,West Bengal
MER100912,Entertainment,Hyderabad,Karnataka
MER100913,Travel,Lucknow,Delhi
MER100914,Utilities,Lucknow,Uttar Pradesh
MER100915,Healthcare,Nagpur,Kerala
MER100916,E-commerce,Pune,Telangana
MER100917,Retail,New Delhi,Karnataka
MER100918,Food & Dining,New Delhi,Uttar Pradesh
MER100919,Grocery,Kochi,Tamil Nadu
MER100920,Education,Nagpur,Telangana
MER100921,Travel,Bengaluru,West Bengal
MER100922,E-commerce,Kolkata,Delhi
MER100923,Entertainment,Ahmedabad,Gujarat
MER100924,Fuel,Jaipur,Rajasthan
MER100925,Fuel,Pune,Uttar Pradesh
MER100926,Grocery,Kolkata,Tamil Nadu
MER100927,Retail,Nagpur,Telangana
MER100928,E-commerce,Mysuru,Delhi
MER100929,Food & Dining,Lucknow,Kerala
MER100930,Food & Dining,Nagpur,Kerala
MER100931,Utilities,Nagpur,Kerala
MER100932,E-commerce,Lucknow,West Bengal
MER100933,Healthcare,Chennai,Rajasthan
MER100934,Food & Dining,Jaipur,Telangana
MER100935,Entertainment,Hyderabad,Tamil Nadu
MER100936,Utilities,Lucknow,Rajasthan
MER100937,Healthcare,Hyderabad,Karnataka
MER100938,Fuel,Nagpur,Kerala
MER100939,Healthcare,Hyderabad,Maharashtra
MER100940,Entertainment,Kolkata,Gujarat
MER100941,Utilities,Nagpur,Delhi
MER100942,Food & Dining,Nagpur,Tamil Nadu
MER100943,Fuel,Chennai,Rajasthan
MER100944,Retail,Mysuru,Maharashtra
MER100945,Healthcare,Jaipur,Karnataka
MER100946,Entertainment,Hyderabad,Telangana
MER100947,Education,Bengaluru,Maharashtra
MER100948,Grocery,Ahmedabad,West Bengal
MER100949,Travel,Noida,Tamil Nadu
MER100950,Education,Lucknow,West Bengal
MER100951,Education,Mysuru,Gujarat
MER100952,Fuel,New Delhi,Telangana
MER100953,Education,Ahmedabad,Karnataka
MER100954,Travel,Pune,Delhi
MER100955,Entertainment,Mumbai,Maharashtra
MER100956,Fuel,Jaipur,Telangana
MER100957,Healthcare,Chennai,Uttar Pradesh
MER100958,Fuel,Nagpur,Maharashtra
MER100959,Healthcare,Kochi,Telangana
MER100960,Food & Dining,Nagpur,West Bengal
MER100961,Fuel,Kolkata,Gujarat
MER100962,E-commerce,Mysuru,Tamil Nadu
MER100963,E-commerce,Chennai,Kerala
MER100964,Entertainment,Kochi,Karnataka
MER100965,Travel,Mysuru,Telangana
MER100966,Fuel,Chennai,Gujarat
MER100967,Travel,Ahmedabad,Maharashtra
MER100968,Healthcare,Surat,Kerala
MER100969,Food & Dining,Hyderabad,Maharashtra
MER100970,Travel,New Delhi,Kerala
MER100971,Healthcare,Lucknow,Kerala
MER100972,Grocery,Ahmedabad,Uttar Pradesh
MER100973,Grocery,Kolkata,Karnataka
MER100974,Education,Ahmedabad,Kerala
MER100975,Education,Kolkata,Delhi
MER100976,Retail,Mysuru,Maharashtra
MER100977,Travel,New Delhi,Delhi
MER100978,Utilities,Bengaluru,Telangana
MER100979,Healthcare,Ahmedabad,Uttar Pradesh
MER100980,Travel,Pune,Gujarat
MER100981,Education,Kolkata,Gujarat
MER100982,Travel,Ahmedabad,Telangana
MER100983,Retail,Hyderabad,Maharashtra
MER100984,Utilities,New Delhi,Delhi
MER100985,Fuel,Jaipur,Karnataka
MER100986,Entertainment,Lucknow,West Bengal
MER100987,Entertainment,Ahmedabad,Karnataka
MER100988,Utilities,Hyderabad,Gujarat
MER100989,Education,Mumbai,Gujarat
MER100990,Grocery,Kochi,West Bengal
MER100991,Healthcare,Mumbai,Kerala
MER100992,Travel,Jaipur,Kerala
MER100993,E-commerce,Kochi,Karnataka
MER100994,E-commerce,Noida,Gujarat
MER100995,Food & Dining,Mumbai,Delhi
MER100996,Retail,Nagpur,Uttar Pradesh
MER100997,Grocery,Mumbai,Tamil Nadu
MER100998,Travel,Kolkata,West Bengal
MER100999,Grocery,Nagpur,Kerala
MER101000,Grocery,Kolkata,Telangana
MER101001,Fuel,Nagpur,Rajasthan
MER101002,Entertainment,Mumbai,West Bengal
MER101003,Education,Surat,Kerala
MER101004,Fuel,Jaipur,Kerala
MER101005,Travel,Nagpur,Uttar Pradesh
MER101006,Grocery,Jaipur,Uttar Pradesh
MER101007,Grocery,Bengaluru,Gujarat
MER101008,Entertainment,Lucknow,Gujarat
MER101009,Retail,Jaipur,Gujarat
MER101010,Utilities,Noida,Uttar Pradesh
MER101011,Grocery,Hyderabad,Telangana
MER101012,E-commerce,Nagpur,Delhi
MER101013,Food & Dining,Jaipur,Tamil Nadu
MER101014,Retail,Mysuru,Kerala
MER101015,Entertainment,Kochi,Kerala
MER101016,Travel,Lucknow,Gujarat
MER101017,Retail,Ahmedabad,Tamil Nadu
MER101018,Travel,Kochi,Rajasthan
MER101019,E-commerce,Kochi,Rajasthan
MER101020,Fuel,Hyderabad,Telangana
MER101021,Healthcare,Mysuru,Rajasthan
MER101022,Education,Nagpur,Rajasthan
MER101023,Education,Mysuru,Telangana
MER101024,Retail,Hyderabad,Delhi
MER101025,Utilities,Nagpur,Uttar Pradesh
MER101026,Healthcare,Chennai,Rajasthan
MER101027,Utilities,Nagpur,Gujarat
MER101028,E-commerce,Bengaluru,Tamil Nadu
MER101029,Education,Chennai,Gujarat
MER101030,Fuel,Kochi,Maharashtra
MER101031,Retail,Noida,West Bengal
MER101032,Education,Jaipur,Tamil Nadu
MER101033,Education,Bengaluru,Uttar Pradesh
MER101034,Fuel,Jaipur,Rajasthan
MER101035,Healthcare,Hyderabad,Karnataka
MER101036,Retail,Pune,Kerala
MER101037,E-commerce,Kolkata,Karnataka
MER101038,Entertainment,Hyderabad,Uttar Pradesh
MER101039,Healthcare,New Delhi,Kerala
MER101040,Food & Dining,Mysuru,Tamil Nadu
MER101041,Fuel,Mysuru,Gujarat
MER101042,Fuel,Noida,West Bengal
MER101043,Travel,Jaipur,Uttar Pradesh
MER101044,Entertainment,New Delhi,Delhi
MER101045,Healthcare,Kolkata,Karnataka
MER101046,Healthcare,Noida,Maharashtra
MER101047,Grocery,New Delhi,Karnataka
MER101048,Retail,Lucknow,Rajasthan
MER101049,Entertainment,Chennai,Telangana
MER101050,Utilities,Hyderabad,Delhi
MER101051,Grocery,Jaipur,Kerala
MER101052,Fuel,Pune,Rajasthan
MER101053,E-commerce,Nagpur,Tamil Nadu
MER101054,E-commerce,Bengaluru,Telangana
MER101055,Utilities,Bengaluru,West Bengal
MER101056,Healthcare,Pune,Gujarat
MER101057,Retail,Jaipur,West Bengal
MER101058,Education,Bengaluru,Kerala
MER101059,Entertainment,Chennai,West Bengal
MER101060,Fuel,Surat,Uttar Pradesh
MER101061,Entertainment,Jaipur,Delhi
MER101062,Food & Dining,Hyderabad,Tamil Nadu
MER101063,E-commerce,Ahmedabad,Tamil Nadu
MER101064,Grocery,Mysuru,Uttar Pradesh
MER101065,Education,Kochi,Rajasthan
MER101066,Food & Dining,Noida,Telangana
MER101067,Fuel,Jaipur,Rajasthan
MER101068,E-commerce,Nagpur,Kerala
MER101069,Healthcare,Jaipur,Maharashtra
MER101070,Travel,Jaipur,Telangana
MER101071,E-commerce,Bengaluru,Gujarat
MER101072,Entertainment,Mumbai,Gujarat
MER101073,Food & Dining,Kolkata,West Bengal
MER101074,Utilities,New Delhi,Kerala
MER101075,Healthcare,Pune,Uttar Pradesh
MER101076,Entertainment,New Delhi,Maharashtra
MER101077,Entertainment,Kochi,Gujarat
MER101078,Food & Dining,Bengaluru,Telangana
MER101079,Education,New Delhi,Telangana
MER101080,Food & Dining,Hyderabad,Rajasthan
MER101081,Food & Dining,Surat,Telangana
MER101082,Education,Chennai,Telangana
MER101083,Retail,Bengaluru,Gujarat
MER101084,Healthcare,Mumbai,Rajasthan
MER101085,E-commerce,Chennai,Delhi
MER101086,Fuel,Kochi,Gujarat
MER101087,Education,Noida,Delhi
MER101088,Fuel,Noida,Maharashtra
MER101089,Retail,New Delhi,Gujarat
MER101090,Retail,Lucknow,Tamil Nadu
MER101091,Education,Mysuru,Kerala
MER101092,E-commerce,Mysuru,Tamil Nadu
MER101093,Utilities,Kolkata,Uttar Pradesh
MER101094,E-commerce,Mumbai,Gujarat
MER101095,Grocery,Hyderabad,Karnataka
MER101096,Food & Dining,Mysuru,Kerala
MER101097,Entertainment,Ahmedabad,West Bengal
MER101098,Grocery,Nagpur,Uttar Pradesh
MER101099,Travel,Jaipur,Gujarat
MER101100,Utilities,Lucknow,Gujarat
MER101101,Fuel,Bengaluru,Uttar Pradesh
MER101102,Retail,Jaipur,Gujarat
MER101103,Retail,Noida,Tamil Nadu
MER101104,Fuel,Jaipur,Maharashtra
MER101105,Entertainment,Mysuru,Karnataka
MER101106,Entertainment,Chennai,West Bengal
MER101107,Fuel,Nagpur,Rajasthan
MER101108,Travel,Nagpur,Uttar Pradesh
MER101109,Entertainment,Surat,Telangana
MER101110,Grocery,Chennai,Gujarat
MER101111,Grocery,Mysuru,Gujarat
MER101112,Grocery,Chennai,Uttar Pradesh
MER101113,Retail,Noida,Gujarat
MER101114,Food & Dining,Bengaluru,Delhi
MER101115,Healthcare,Kochi,Karnataka
MER101116,Food & Dining,Noida,West Bengal
MER101117,Education,Surat,Gujarat
MER101118,E-commerce,Surat,Telangana
MER101119,Utilities,Jaipur,Gujarat
MER101120,Retail,Ahmedabad,Maharashtra
MER101121,Utilities,Ahmedabad,Uttar Pradesh
MER101122,E-commerce,Mysuru,Maharashtra
MER101123,Food & Dining,Kochi,Delhi
MER101124,E-commerce,Nagpur,Delhi
MER101125,E-commerce,Mumbai,West Bengal
MER101126,E-commerce,Kochi,Maharashtra
MER101127,Food & Dining,Mumbai,Telangana
MER101128,Entertainment,Kochi,Maharashtra
MER101129,Travel,Chennai,West Bengal
MER101130,Utilities,Kolkata,Gujarat
MER101131,Fuel,Mumbai,Maharashtra
MER101132,Education,Mumbai,Rajasthan
MER101133,Utilities,Lucknow,Kerala
MER101134,Utilities,Nagpur,Telangana
MER101135,Healthcare,Mumbai,Tamil Nadu
MER101136,Retail,Kochi,Telangana
MER101137,E-commerce,Pune,Rajasthan
MER101138,Grocery,Mysuru,Telangana
MER101139,Healthcare,Mumbai,Karnataka
MER101140,Retail,Noida,Telangana
MER101141,Utilities,Mysuru,Uttar Pradesh
MER101142,Retail,Kochi,Maharashtra
MER101143,E-commerce,Jaipur,Karnataka
MER101144,Utilities,Chennai,Delhi
MER101145,Retail,Chennai,Tamil Nadu
MER101146,Food & Dining,Mumbai,Telangana
MER101147,Travel,Kolkata,Delhi
MER101148,Entertainment,Mysuru,Rajasthan
MER101149,Utilities,Kochi,Telangana
MER101150,Food & Dining,Noida,Uttar Pradesh
MER101151,E-commerce,Chennai,Maharashtra
MER101152,E-commerce,Mumbai,Delhi
MER101153,Retail,Lucknow,Gujarat
MER101154,Entertainment,Kolkata,West Bengal
MER101155,Grocery,Hyderabad,Karnataka
MER101156,Utilities,Surat,Gujarat
MER101157,Healthcare,Surat,Delhi
MER101158,Utilities,Jaipur,West Bengal
MER101159,Education,Noida,Uttar Pradesh
MER101160,Entertainment,Surat,West Bengal
MER101161,Food & Dining,Mysuru,Gujarat
MER101162,Utilities,Mysuru,Karnataka
MER101163,Travel,Hyderabad,West Bengal
MER101164,Entertainment,Mumbai,Rajasthan
MER101165,Retail,Surat,West Bengal
MER101166,E-commerce,Pune,Gujarat
MER101167,Retail,Noida,West Bengal
MER101168,Food & Dining,Kochi,Gujarat
MER101169,Education,Chennai,Telangana
MER101170,Fuel,Chennai,Telangana
MER101171,Travel,Chennai,Uttar Pradesh
MER101172,Entertainment,Kochi,Gujarat
MER101173,Education,Kolkata,West Bengal
MER101174,Food & Dining,Surat,West Bengal
MER101175,Retail,Ahmedabad,Uttar Pradesh
MER101176,Fuel,Kochi,West Bengal
MER101177,Fuel,Hyderabad,Karnataka
MER101178,Retail,Nagpur,Telangana
MER101179,Fuel,Kolkata,Rajasthan
MER101180,E-commerce,Hyderabad,Uttar Pradesh
MER101181,Travel,Pune,Karnataka
MER101182,Travel,Chennai,Rajasthan
MER101183,E-commerce,Lucknow,Tamil Nadu
MER101184,Entertainment,Lucknow,Kerala
MER101185,Entertainment,New Delhi,Telangana
MER101186,Healthcare,Bengaluru,Maharashtra
MER101187,Utilities,Chennai,Rajasthan
MER101188,Education,Hyderabad,Maharashtra
MER101189,Education,New Delhi,Maharashtra
MER101190,Food & Dining,Noida,Rajasthan
MER101191,Travel,Noida,West Bengal
MER101192,Grocery,Mysuru,Tamil Nadu
MER101193,Entertainment,Bengaluru,Telangana
MER101194,Healthcare,Surat,Maharashtra
MER101195,Travel,Lucknow,Kerala
MER101196,Travel,Nagpur,Gujarat
MER101197,E-commerce,Ahmedabad,Gujarat
MER101198,Education,Kochi,Delhi
MER101199,Education,Mumbai,Telangana
MER101200,Healthcare,New Delhi,Tamil Nadu
MER101201,Education,Chennai,Telangana
MER101202,Education,New Delhi,Kerala
MER101203,Retail,Noida,Rajasthan
MER101204,Retail,Noida,Gujarat
MER101205,Travel,Nagpur,West Bengal
MER101206,Healthcare,Bengaluru,Uttar Pradesh
MER101207,Entertainment,Hyderabad,Delhi
MER101208,Entertainment,Noida,West Bengal
MER101209,E-commerce,Hyderabad,Uttar Pradesh
MER101210,Utilities,Kolkata,Maharashtra
MER101211,Food & Dining,Noida,Gujarat
MER101212,Travel,Kolkata,Rajasthan
MER101213,Retail,Noida,Rajasthan
MER101214,Entertainment,Chennai,Delhi
MER101215,Grocery,Lucknow,Tamil Nadu
MER101216,E-commerce,Surat,Telangana
MER101217,Healthcare,Jaipur,Maharashtra
MER101218,Travel,Bengaluru,Kerala
MER101219,Retail,Ahmedabad,Karnataka
MER101220,Education,Noida,Delhi
MER101221,Utilities,Lucknow,West Bengal
MER101222,Healthcare,Noida,Karnataka
MER101223,Entertainment,Hyderabad,Tamil Nadu
MER101224,Retail,Jaipur,Kerala
MER101225,Utilities,Mumbai,Uttar Pradesh
MER101226,Entertainment,Kolkata,Maharashtra
MER101227,E-commerce,Lucknow,Rajasthan
MER101228,Utilities,Hyderabad,Rajasthan
MER101229,Healthcare,New Delhi,Rajasthan
MER101230,Food & Dining,Surat,Tamil Nadu
MER101231,Utilities,Noida,Uttar Pradesh
MER101232,E-commerce,Lucknow,Tamil Nadu
MER101233,Healthcare,Lucknow,Telangana
MER101234,Entertainment,Mysuru,Uttar Pradesh
MER101235,E-commerce,Mumbai,Telangana
MER101236,Travel,Ahmedabad,Kerala
MER101237,Retail,Pune,Telangana
MER101238,Utilities,Kolkata,Karnataka
MER101239,Fuel,Mumbai,Tamil Nadu
MER101240,Education,Jaipur,Karnataka
MER101241,Fuel,Lucknow,Rajasthan
MER101242,Utilities,Bengaluru,Gujarat
MER101243,Retail,Surat,Delhi
MER101244,Food & Dining,Mysuru,Uttar Pradesh
MER101245,Food & Dining,Lucknow,Maharashtra
MER101246,Utilities,Hyderabad,Maharashtra
MER101247,Entertainment,Noida,Uttar Pradesh
MER101248,E-commerce,Kolkata,Tamil Nadu
MER101249,Grocery,Mumbai,Karnataka
MER101250,E-commerce,Mumbai,West Bengal
MER101251,Travel,Kolkata,Karnataka
MER101252,Utilities,Kochi,Rajasthan
MER101253,Fuel,Lucknow,Tamil Nadu
MER101254,Travel,Jaipur,Maharashtra
MER101255,Entertainment,Ahmedabad,Uttar Pradesh
MER101256,Education,New Delhi,Tamil Nadu
MER101257,Grocery,Hyderabad,Rajasthan
MER101258,Healthcare,Mumbai,Kerala
MER101259,Grocery,Chennai,Maharashtra
MER101260,Travel,Mysuru,Delhi
MER101261,Travel,Jaipur,Rajasthan
MER101262,Travel,Mumbai,Maharashtra
MER101263,Entertainment,Ahmedabad,Maharashtra
MER101264,E-commerce,Nagpur,Telangana
MER101265,Fuel,Pune,Kerala
MER101266,Fuel,Jaipur,Telangana
MER101267,Food & Dining,New Delhi,Karnataka
MER101268,Healthcare,Hyderabad,Maharashtra
MER101269,Entertainment,Pune,Rajasthan
MER101270,Utilities,New Delhi,Gujarat
MER101271,E-commerce,Surat,Kerala
MER101272,Grocery,New Delhi,Gujarat
MER101273,Education,Hyderabad,West Bengal
MER101274,Food & Dining,Kolkata,Uttar Pradesh
MER101275,Utilities,Noida,Tamil Nadu
MER101276,Food & Dining,Nagpur,Delhi
MER101277,Fuel,Surat,Kerala
MER101278,Healthcare,Nagpur,Gujarat
MER101279,Food & Dining,Pune,Maharashtra
MER101280,Travel,Nagpur,Rajasthan
MER101281,Food & Dining,Mysuru,West Bengal
MER101282,Entertainment,Surat,Gujarat
MER101283,Fuel,Hyderabad,Delhi
MER101284,Grocery,Lucknow,Uttar Pradesh
MER101285,Travel,Mumbai,West Bengal
MER101286,Travel,Kochi,Maharashtra
MER101287,Retail,New Delhi,Tamil Nadu
MER101288,Healthcare,Jaipur,Karnataka
MER101289,Fuel,Chennai,Kerala
MER101290,Grocery,Surat,Gujarat
MER101291,E-commerce,Pune,Maharashtra
MER101292,Entertainment,Surat,West Bengal
MER101293,E-commerce,New Delhi,Karnataka
MER101294,Retail,Mysuru,Delhi
MER101295,E-commerce,Lucknow,West Bengal
MER101296,Food & Dining,Jaipur,Uttar Pradesh
MER101297,E-commerce,Noida,Delhi
MER101298,Education,Pune,Rajasthan
MER101299,Grocery,Pune,Gujarat
MER101300,Food & Dining,Kochi,Kerala
MER101301,Education,Kolkata,West Bengal
MER101302,E-commerce,New Delhi,Karnataka
MER101303,Food & Dining,Pune,West Bengal
MER101304,Grocery,Mumbai,West Bengal
MER101305,Travel,Mysuru,Delhi
MER101306,Retail,Ahmedabad,Uttar Pradesh
MER101307,Utilities,Kochi,Gujarat
MER101308,Healthcare,Mysuru,Kerala
MER101309,Utilities,Nagpur,West Bengal
MER101310,Grocery,Pune,Maharashtra
MER101311,Food & Dining,Jaipur,Telangana
MER101312,Food & Dining,Nagpur,Gujarat
MER101313,Utilities,Kochi,Delhi
MER101314,Travel,New Delhi,Tamil Nadu
MER101315,Food & Dining,Surat,West Bengal
MER101316,Food & Dining,New Delhi,Gujarat
MER101317,Travel,Noida,Telangana
MER101318,Education,Chennai,Gujarat
MER101319,Entertainment,Noida,Uttar Pradesh
MER101320,Healthcare,Chennai,Uttar Pradesh
MER101321,Healthcare,Nagpur,Gujarat
MER101322,Entertainment,Ahmedabad,Uttar Pradesh
MER101323,E-commerce,Surat,Uttar Pradesh
MER101324,Fuel,Nagpur,Gujarat
MER101325,Fuel,Noida,Telangana
MER101326,Travel,Kochi,Karnataka
MER101327,Education,Mysuru,Telangana
MER101328,Travel,Nagpur,Rajasthan
MER101329,Travel,Ahmedabad,Maharashtra
MER101330,Utilities,Mysuru,Rajasthan
MER101331,Education,Mumbai,Kerala
MER101332,Retail,Mumbai,Karnataka
MER101333,Utilities,Chennai,Uttar Pradesh
MER101334,Healthcare,Mysuru,West Bengal
MER101335,Travel,Kolkata,Tamil Nadu
MER101336,Fuel,Hyderabad,Kerala
MER101337,Travel,Pune,Telangana
MER101338,E-commerce,Jaipur,Gujarat
MER101339,E-commerce,Bengaluru,Delhi
MER101340,Healthcare,Noida,Maharashtra
MER101341,Grocery,Mysuru,West Bengal
MER101342,Education,Kolkata,Delhi
MER101343,Retail,Chennai,Maharashtra
MER101344,E-commerce,Pune,Rajasthan
MER101345,Fuel,Bengaluru,West Bengal
MER101346,Healthcare,Surat,Karnataka
MER101347,Healthcare,Nagpur,Uttar Pradesh
MER101348,Entertainment,Pune,Uttar Pradesh
MER101349,Entertainment,Nagpur,Maharashtra
MER101350,Travel,Ahmedabad,Rajasthan
MER101351,Grocery,Noida,Delhi
MER101352,Education,Chennai,Gujarat
MER101353,Entertainment,Mysuru,Tamil Nadu
MER101354,Travel,Hyderabad,Delhi
MER101355,Entertainment,Pune,Gujarat
MER101356,Fuel,Kolkata,Karnataka
MER101357,Entertainment,Noida,Maharashtra
MER101358,Utilities,Kolkata,Delhi
MER101359,Retail,Ahmedabad,West Bengal
MER101360,Grocery,Nagpur,Rajasthan
MER101361,E-commerce,Ahmedabad,Maharashtra
MER101362,Retail,New Delhi,Kerala
MER101363,E-commerce,Mumbai,Delhi
MER101364,Retail,Noida,Telangana
MER101365,Education,Hyderabad,Uttar Pradesh
MER101366,E-commerce,Lucknow,Gujarat
MER101367,E-commerce,Mysuru,West Bengal
MER101368,Utilities,Lucknow,Karnataka
MER101369,Grocery,Kolkata,Karnataka
MER101370,Food & Dining,Kochi,West Bengal
MER101371,Education,Mumbai,West Bengal
MER101372,Travel,Ahmedabad,Kerala
MER101373,Grocery,Kolkata,Delhi
MER101374,Fuel,New Delhi,Maharashtra
MER101375,Utilities,Lucknow,Maharashtra
MER101376,Travel,Chennai,Delhi
MER101377,Education,Kolkata,Rajasthan
MER101378,Travel,Jaipur,Kerala
MER101379,Grocery,Kochi,Uttar Pradesh
MER101380,Entertainment,Bengaluru,Maharashtra
MER101381,Food & Dining,Chennai,Tamil Nadu
MER101382,Grocery,Mysuru,West Bengal
MER101383,Healthcare,Lucknow,Rajasthan
MER101384,Utilities,Mysuru,Karnataka
MER101385,Travel,Mysuru,Tamil Nadu
MER101386,Education,Lucknow,Rajasthan
MER101387,Fuel,Noida,Telangana
MER101388,Food & Dining,Hyderabad,Rajasthan
MER101389,Entertainment,Mysuru,Telangana
MER101390,Healthcare,Kolkata,Karnataka
MER101391,Retail,Ahmedabad,West Bengal
MER101392,Entertainment,Mumbai,Karnataka
MER101393,Retail,Noida,Uttar Pradesh
MER101394,Entertainment,Hyderabad,Karnataka
MER101395,E-commerce,Ahmedabad,Delhi
MER101396,Travel,Ahmedabad,Maharashtra
MER101397,Education,Mysuru,West Bengal
MER101398,Education,Nagpur,Delhi
MER101399,E-commerce,Ahmedabad,Telangana
MER101400,Retail,Kochi,Maharashtra
MER101401,Entertainment,Mysuru,West Bengal
MER101402,Travel,Bengaluru,Maharashtra
MER101403,Healthcare,Chennai,Maharashtra
MER101404,Entertainment,Bengaluru,Karnataka
MER101405,Food & Dining,Mysuru,Tamil Nadu
MER101406,Food & Dining,Jaipur,Maharashtra
MER101407,Grocery,New Delhi,Kerala
MER101408,Education,Noida,Delhi
MER101409,Food & Dining,Kolkata,West Bengal
MER101410,Entertainment,New Delhi,Delhi
MER101411,Entertainment,Pune,West Bengal
MER101412,Grocery,Kolkata,West Bengal
MER101413,Utilities,Nagpur,Tamil Nadu
MER101414,E-commerce,Surat,Gujarat
MER101415,Entertainment,Chennai,Telangana
MER101416,Travel,New Delhi,Kerala
MER101417,Grocery,Mumbai,Tamil Nadu
MER101418,E-commerce,Jaipur,Tamil Nadu
MER101419,Food & Dining,Lucknow,West Bengal
MER101420,Grocery,Jaipur,West Bengal
MER101421,Entertainment,Pune,Telangana
MER101422,Fuel,Lucknow,West Bengal
MER101423,Entertainment,Nagpur,Kerala
MER101424,Education,Kolkata,Karnataka
MER101425,Fuel,Pune,Gujarat
MER101426,E-commerce,Mysuru,Gujarat
MER101427,Retail,Hyderabad,Telangana
MER101428,Education,New Delhi,Delhi
MER101429,E-commerce,Bengaluru,Karnataka
MER101430,Food & Dining,Hyderabad,Kerala
MER101431,Utilities,Noida,Telangana
MER101432,Fuel,Mumbai,West Bengal
MER101433,Fuel,Hyderabad,Telangana
MER101434,Travel,Ahmedabad,Telangana
MER101435,Food & Dining,Lucknow,Karnataka
MER101436,Healthcare,Surat,West Bengal
MER101437,Entertainment,Bengaluru,Gujarat
MER101438,Food & Dining,Chennai,Delhi
MER101439,Retail,Noida,Tamil Nadu
MER101440,Education,Bengaluru,Kerala
MER101441,Fuel,Nagpur,Kerala
MER101442,Entertainment,Noida,Maharashtra
MER101443,Travel,Mumbai,Kerala
MER101444,Grocery,Pune,Gujarat
MER101445,Retail,Noida,Rajasthan
MER101446,Entertainment,Jaipur,Telangana
MER101447,Retail,Pune,Gujarat
MER101448,Healthcare,Pune,Uttar Pradesh
MER101449,Retail,Surat,Karnataka
MER101450,E-commerce,Kochi,Kerala
MER101451,Food & Dining,Jaipur,Tamil Nadu
MER101452,Education,Pune,Kerala
MER101453,Entertainment,Mumbai,Karnataka
MER101454,Grocery,Jaipur,Rajasthan
MER101455,Food & Dining,Mysuru,Uttar Pradesh
MER101456,Healthcare,New Delhi,Karnataka
MER101457,Food & Dining,Hyderabad,West Bengal
MER101458,Healthcare,Kolkata,Kerala
MER101459,Grocery,Noida,West Bengal
MER101460,Retail,Jaipur,Delhi
MER101461,Travel,Nagpur,Tamil Nadu
MER101462,Utilities,New Delhi,Uttar Pradesh
MER101463,Travel,Mysuru,Delhi
MER101464,Education,New Delhi,Delhi
MER101465,Utilities,Lucknow,Karnataka
MER101466,Entertainment,Nagpur,Maharashtra
MER101467,Travel,Bengaluru,Uttar Pradesh
MER101468,Travel,Nagpur,Telangana
MER101469,E-commerce,Chennai,Rajasthan
MER101470,Fuel,Pune,Tamil Nadu
MER101471,Utilities,Noida,Maharashtra
MER101472,Healthcare,Mysuru,Delhi
MER101473,E-commerce,Kochi,Telangana
MER101474,E-commerce,Mysuru,Kerala
MER101475,Healthcare,Mysuru,Rajasthan
MER101476,Food & Dining,Mumbai,Maharashtra
MER101477,Food & Dining,Ahmedabad,Tamil Nadu
MER101478,Utilities,Chennai,West Bengal
MER101479,Education,Chennai,Rajasthan
MER101480,Food & Dining,Kolkata,Kerala
MER101481,Healthcare,Kolkata,Maharashtra
MER101482,Retail,Pune,Karnataka
MER101483,Grocery,Kochi,Uttar Pradesh
MER101484,Healthcare,Nagpur,Rajasthan
MER101485,Travel,Noida,Uttar Pradesh
MER101486,Healthcare,Lucknow,Telangana
MER101487,Healthcare,Chennai,West Bengal
MER101488,Travel,Ahmedabad,Uttar Pradesh
MER101489,Food & Dining,Noida,Delhi
MER101490,Healthcare,Mysuru,Telangana
MER101491,Utilities,Mumbai,Rajasthan
MER101492,Food & Dining,Nagpur,Uttar Pradesh
MER101493,Travel,Pune,Karnataka
MER101494,E-commerce,Bengaluru,West Bengal
MER101495,Education,Chennai,Uttar Pradesh
MER101496,Retail,New Delhi,Rajasthan
MER101497,Food & Dining,Kochi,West Bengal
MER101498,Food & Dining,Chennai,Tamil Nadu
MER101499,Utilities,Lucknow,Delhi
MER101500,Food & Dining,Pune,Maharashtra
MER101501,Fuel,Pune,Maharashtra
MER101502,Education,Pune,Telangana
MER101503,E-commerce,Kochi,Rajasthan
MER101504,Utilities,Bengaluru,West Bengal
MER101505,Fuel,Lucknow,Rajasthan
MER101506,Fuel,Hyderabad,Delhi
MER101507,Education,Kochi,Gujarat
MER101508,Food & Dining,Lucknow,Karnataka
MER101509,Grocery,Nagpur,Kerala
MER101510,Utilities,Hyderabad,Tamil Nadu
MER101511,Utilities,New Delhi,Tamil Nadu
MER101512,Retail,Kochi,Delhi
MER101513,Travel,Jaipur,Maharashtra
MER101514,Travel,Surat,Telangana
MER101515,Food & Dining,Bengaluru,Telangana
MER101516,Utilities,New Delhi,Karnataka
MER101517,Retail,Kolkata,Rajasthan
MER101518,Food & Dining,Ahmedabad,Karnataka
MER101519,Retail,Nagpur,Kerala
MER101520,Entertainment,Jaipur,Telangana
MER101521,Utilities,Chennai,Maharashtra
MER101522,E-commerce,Jaipur,Tamil Nadu
MER101523,Fuel,Lucknow,Kerala
MER101524,Fuel,Noida,Rajasthan
MER101525,Healthcare,Bengaluru,Kerala
MER101526,Entertainment,Jaipur,Karnataka
MER101527,Food & Dining,Surat,Delhi
MER101528,Entertainment,Nagpur,Maharashtra
MER101529,Travel,Nagpur,Uttar Pradesh
MER101530,Healthcare,Surat,Kerala
MER101531,Education,Chennai,Karnataka
MER101532,Grocery,Nagpur,Telangana
MER101533,Healthcare,Bengaluru,Gujarat
MER101534,Retail,Chennai,Tamil Nadu
MER101535,Entertainment,Mysuru,Telangana
MER101536,Utilities,Mumbai,Gujarat
MER101537,Entertainment,Kolkata,Rajasthan
MER101538,Healthcare,Chennai,Kerala
MER101539,Retail,Bengaluru,West Bengal
MER101540,Healthcare,Mumbai,Delhi
MER101541,Healthcare,Chennai,Rajasthan
MER101542,Education,Pune,Delhi
MER101543,Travel,Chennai,Telangana
MER101544,Travel,Chennai,Tamil Nadu
MER101545,Education,Surat,Kerala
MER101546,Education,Lucknow,Kerala
MER101547,Healthcare,Pune,Rajasthan
MER101548,E-commerce,Mysuru,Rajasthan
MER101549,Entertainment,Hyderabad,Gujarat
MER101550,Education,Noida,West Bengal
MER101551,Entertainment,Chennai,Gujarat
MER101552,Travel,Jaipur,Uttar Pradesh
MER101553,Fuel,Mysuru,Delhi
MER101554,Entertainment,Nagpur,Karnataka
MER101555,E-commerce,Surat,Delhi
MER101556,Grocery,Noida,Delhi
MER101557,Healthcare,Nagpur,Rajasthan
MER101558,Fuel,Pune,Telangana
MER101559,Food & Dining,Pune,Delhi
MER101560,Grocery,Kolkata,West Bengal
MER101561,E-commerce,Jaipur,Uttar Pradesh
MER101562,E-commerce,Mumbai,West Bengal
MER101563,Travel,Ahmedabad,Gujarat
MER101564,Education,Kochi,Karnataka
MER101565,Travel,New Delhi,West Bengal
MER101566,Travel,Lucknow,Kerala
MER101567,Food & Dining,Bengaluru,Maharashtra
MER101568,Entertainment,Noida,Telangana
MER101569,E-commerce,Mysuru,Rajasthan
MER101570,Education,New Delhi,Kerala
MER101571,Travel,Lucknow,Uttar Pradesh
MER101572,Grocery,Mumbai,West Bengal
MER101573,Retail,Mumbai,Tamil Nadu
MER101574,E-commerce,Mysuru,West Bengal
MER101575,Utilities,Ahmedabad,Karnataka
MER101576,Travel,Mumbai,Delhi
MER101577,Retail,Mumbai,Tamil Nadu
MER101578,E-commerce,Jaipur,Maharashtra
MER101579,Utilities,Mysuru,Karnataka
MER101580,Utilities,Surat,Maharashtra
MER101581,Food & Dining,Kolkata,Rajasthan
MER101582,Food & Dining,Bengaluru,Gujarat
MER101583,Fuel,Mumbai,Telangana
MER101584,Entertainment,Nagpur,Telangana
MER101585,Travel,Bengaluru,Kerala
MER101586,Healthcare,Bengaluru,Tamil Nadu
MER101587,Entertainment,New Delhi,Maharashtra
MER101588,E-commerce,Chennai,Uttar Pradesh
MER101589,Education,Kochi,West Bengal
MER101590,Healthcare,Lucknow,Tamil Nadu
MER101591,Education,Pune,Delhi
MER101592,Food & Dining,Kochi,Tamil Nadu
MER101593,Education,Hyderabad,Rajasthan
MER101594,Fuel,Kolkata,Uttar Pradesh
MER101595,Healthcare,Pune,Rajasthan
MER101596,Education,Kochi,Delhi
MER101597,Travel,Noida,Gujarat
MER101598,Utilities,Mysuru,Rajasthan
MER101599,Grocery,Mysuru,Gujarat
MER101600,Healthcare,Nagpur,Karnataka
MER101601,Utilities,Chennai,Uttar Pradesh
MER101602,Healthcare,New Delhi,Rajasthan
MER101603,Travel,Chennai,Maharashtra
MER101604,Utilities,Kolkata,West Bengal
MER101605,Education,Ahmedabad,Uttar Pradesh
MER101606,Healthcare,Pune,Kerala
MER101607,Food & Dining,Hyderabad,Kerala
MER101608,E-commerce,Kolkata,Uttar Pradesh
MER101609,Grocery,Kochi,Maharashtra
MER101610,Travel,Jaipur,Uttar Pradesh
MER101611,Grocery,Kochi,Uttar Pradesh
MER101612,Entertainment,Kolkata,Telangana
MER101613,Travel,Mumbai,Delhi
MER101614,Education,Surat,Tamil Nadu
MER101615,E-commerce,Hyderabad,Uttar Pradesh
MER101616,Entertainment,Bengaluru,Gujarat
MER101617,Grocery,Ahmedabad,Maharashtra
MER101618,Food & Dining,Bengaluru,Karnataka
MER101619,Fuel,Pune,Delhi
MER101620,Education,Jaipur,Kerala
MER101621,Education,Ahmedabad,Karnataka
MER101622,Travel,Ahmedabad,Telangana
MER101623,E-commerce,Jaipur,Delhi
MER101624,Education,Nagpur,Rajasthan
MER101625,Travel,Nagpur,Telangana
MER101626,Education,Lucknow,Karnataka
MER101627,Education,Pune,Delhi
MER101628,Utilities,Lucknow,West Bengal
MER101629,Retail,Kolkata,Tamil Nadu
MER101630,Entertainment,Chennai,Telangana
MER101631,Fuel,Nagpur,Telangana
MER101632,Entertainment,Lucknow,Telangana
MER101633,Fuel,Noida,Telangana
MER101634,Utilities,Kochi,Karnataka
MER101635,Food & Dining,Bengaluru,Telangana
MER101636,Food & Dining,Pune,Telangana
MER101637,Healthcare,Ahmedabad,Gujarat
MER101638,Travel,Ahmedabad,Uttar Pradesh
MER101639,E-commerce,Mumbai,Telangana
MER101640,Grocery,Nagpur,Karnataka
MER101641,Retail,Chennai,Uttar Pradesh
MER101642,Entertainment,Jaipur,Gujarat
MER101643,Travel,Mumbai,Gujarat
MER101644,Food & Dining,Ahmedabad,Uttar Pradesh
MER101645,Travel,Chennai,Telangana
MER101646,Food & Dining,Surat,Rajasthan
MER101647,Utilities,Mumbai,Karnataka
MER101648,Utilities,Mysuru,Kerala
MER101649,Utilities,Nagpur,Karnataka
MER101650,E-commerce,New Delhi,Maharashtra
MER101651,Healthcare,Pune,Gujarat
MER101652,Food & Dining,Surat,West Bengal
MER101653,Fuel,Lucknow,Gujarat
MER101654,Fuel,Mysuru,Gujarat
MER101655,Travel,Ahmedabad,Uttar Pradesh
MER101656,Food & Dining,Surat,Kerala
MER101657,Travel,Nagpur,Telangana
MER101658,Utilities,Hyderabad,Tamil Nadu
MER101659,Fuel,Mumbai,Delhi
MER101660,Food & Dining,Hyderabad,West Bengal
MER101661,Entertainment,Surat,Delhi
MER101662,Travel,Nagpur,Kerala
MER101663,Travel,Surat,Rajasthan
MER101664,Healthcare,Chennai,West Bengal
MER101665,Fuel,Ahmedabad,Kerala
MER101666,Education,Mysuru,Gujarat
MER101667,Fuel,Jaipur,Uttar Pradesh
MER101668,Utilities,Mysuru,Karnataka
MER101669,E-commerce,Hyderabad,Kerala
MER101670,Utilities,Pune,Karnataka
MER101671,Grocery,Lucknow,Uttar Pradesh
MER101672,Retail,Surat,Tamil Nadu
MER101673,E-commerce,Bengaluru,Tamil Nadu
MER101674,Travel,Pune,Tamil Nadu
MER101675,Fuel,Mysuru,Uttar Pradesh
MER101676,Retail,Pune,Gujarat
MER101677,Healthcare,Surat,Telangana
MER101678,Entertainment,Surat,Karnataka
MER101679,Grocery,Lucknow,Rajasthan
MER101680,Food & Dining,Noida,Rajasthan
MER101681,Entertainment,Noida,Telangana
MER101682,Utilities,Hyderabad,Uttar Pradesh
MER101683,Travel,Jaipur,Kerala
MER101684,Grocery,Hyderabad,Kerala
MER101685,Retail,Kolkata,Kerala
MER101686,Healthcare,Jaipur,Uttar Pradesh
MER101687,Utilities,Hyderabad,Delhi
MER101688,Travel,Surat,Uttar Pradesh
MER101689,Fuel,Kochi,Maharashtra
MER101690,Travel,Hyderabad,Uttar Pradesh
MER101691,E-commerce,Ahmedabad,Kerala
MER101692,Entertainment,Kolkata,Gujarat
MER101693,Food & Dining,Bengaluru,Kerala
MER101694,Food & Dining,Ahmedabad,Delhi
MER101695,Education,Noida,Telangana
MER101696,Fuel,Kolkata,Tamil Nadu
MER101697,Travel,Noida,Delhi
MER101698,Retail,Lucknow,Rajasthan
MER101699,Entertainment,Kolkata,Rajasthan
MER101700,Education,Lucknow,Kerala
MER101701,Utilities,Ahmedabad,Uttar Pradesh
MER101702,Grocery,Jaipur,Kerala
MER101703,Fuel,Mumbai,Telangana
MER101704,Healthcare,Ahmedabad,Rajasthan
MER101705,Education,Lucknow,Delhi
MER101706,Fuel,Hyderabad,Kerala
MER101707,Utilities,Pune,West Bengal
MER101708,Education,Noida,Uttar Pradesh
MER101709,E-commerce,Kolkata,Rajasthan
MER101710,Education,Ahmedabad,Karnataka
MER101711,Entertainment,Kolkata,Tamil Nadu
MER101712,Entertainment,Hyderabad,Karnataka
MER101713,Fuel,Chennai,Uttar Pradesh
MER101714,Retail,Kochi,Rajasthan
MER101715,Fuel,Bengaluru,Maharashtra
MER101716,Retail,Surat,Gujarat
MER101717,E-commerce,New Delhi,Telangana
MER101718,Travel,Nagpur,Maharashtra
MER101719,Travel,Ahmedabad,Telangana
MER101720,Retail,Jaipur,Telangana
MER101721,Fuel,New Delhi,Tamil Nadu
MER101722,Food & Dining,Lucknow,Maharashtra
MER101723,Utilities,Chennai,Telangana
MER101724,E-commerce,Nagpur,Gujarat
MER101725,Entertainment,Pune,Maharashtra
MER101726,Grocery,New Delhi,Kerala
MER101727,Travel,Chennai,Maharashtra
MER101728,Utilities,Jaipur,Karnataka
MER101729,Retail,Kochi,Uttar Pradesh
MER101730,Utilities,Mysuru,Telangana
MER101731,Healthcare,New Delhi,Karnataka
MER101732,Education,Pune,Rajasthan
MER101733,Utilities,Hyderabad,Gujarat
MER101734,Entertainment,Mysuru,Maharashtra
MER101735,Retail,Bengaluru,Gujarat
MER101736,Healthcare,Kolkata,Kerala
MER101737,Food & Dining,Chennai,Maharashtra
MER101738,Retail,Bengaluru,Rajasthan
MER101739,Travel,Surat,Maharashtra
MER101740,Travel,Kolkata,Telangana
MER101741,Fuel,Surat,Kerala
MER101742,E-commerce,Lucknow,Karnataka
MER101743,Healthcare,Jaipur,Gujarat
MER101744,E-commerce,Chennai,Telangana
MER101745,E-commerce,Pune,Kerala
MER101746,Travel,Chennai,Kerala
MER101747,Travel,Jaipur,Maharashtra
MER101748,E-commerce,New Delhi,Rajasthan
MER101749,E-commerce,Ahmedabad,Delhi
MER101750,Healthcare,Bengaluru,Telangana
MER101751,Education,Nagpur,West Bengal
MER101752,Fuel,New Delhi,Gujarat
MER101753,Fuel,Mumbai,Gujarat
MER101754,Food & Dining,Surat,Karnataka
MER101755,Food & Dining,Jaipur,Karnataka
MER101756,Healthcare,Chennai,Maharashtra
MER101757,Utilities,Jaipur,West Bengal
MER101758,Food & Dining,Nagpur,Maharashtra
MER101759,Utilities,Pune,Tamil Nadu
MER101760,Retail,Bengaluru,Tamil Nadu
MER101761,Utilities,Ahmedabad,Uttar Pradesh
MER101762,Entertainment,Nagpur,Uttar Pradesh
MER101763,Grocery,Bengaluru,Maharashtra
MER101764,Travel,Surat,Telangana
MER101765,Healthcare,Noida,Delhi
MER101766,Healthcare,Mumbai,Maharashtra
MER101767,Grocery,Pune,Rajasthan
MER101768,E-commerce,Hyderabad,Kerala
MER101769,Food & Dining,Lucknow,Telangana
MER101770,Travel,Mysuru,Tamil Nadu
MER101771,Education,Ahmedabad,Telangana
MER101772,Utilities,Ahmedabad,Delhi
MER101773,Utilities,Mysuru,Uttar Pradesh
MER101774,Healthcare,Mumbai,Kerala
MER101775,Healthcare,Kochi,Telangana
MER101776,Food & Dining,Mumbai,Uttar Pradesh
MER101777,Fuel,New Delhi,Telangana
MER101778,E-commerce,Surat,Delhi
MER101779,Fuel,Surat,Karnataka
MER101780,Food & Dining,Mumbai,Gujarat
MER101781,Healthcare,Mysuru,Maharashtra
MER101782,Entertainment,Jaipur,Tamil Nadu
MER101783,Food & Dining,Bengaluru,West Bengal
MER101784,Retail,Pune,Gujarat
MER101785,Education,Chennai,Kerala
MER101786,Entertainment,Chennai,Gujarat
MER101787,Entertainment,Jaipur,Delhi
MER101788,Grocery,Nagpur,Karnataka
MER101789,Retail,Lucknow,Delhi
MER101790,Entertainment,Nagpur,Uttar Pradesh
MER101791,Retail,Hyderabad,Gujarat
MER101792,Retail,Ahmedabad,Uttar Pradesh
MER101793,Education,Jaipur,Gujarat
MER101794,Entertainment,Jaipur,Kerala
MER101795,E-commerce,Hyderabad,Telangana
MER101796,Healthcare,Pune,Maharashtra
MER101797,Fuel,Mumbai,West Bengal
MER101798,Entertainment,Kochi,Delhi
MER101799,Grocery,Nagpur,Telangana
MER101800,Grocery,New Delhi,Kerala
MER101801,E-commerce,Pune,Rajasthan
MER101802,Food & Dining,Noida,Rajasthan
MER101803,Retail,Mumbai,Rajasthan
MER101804,Entertainment,Pune,Rajasthan
MER101805,Education,Jaipur,Delhi
MER101806,Travel,Noida,Rajasthan
MER101807,Entertainment,Nagpur,Karnataka
MER101808,Education,Chennai,Telangana
MER101809,Food & Dining,Bengaluru,Gujarat
MER101810,E-commerce,Kolkata,Karnataka
MER101811,Retail,Kolkata,Tamil Nadu
MER101812,Food & Dining,Mysuru,Delhi
MER101813,Education,Chennai,Tamil Nadu
MER101814,Grocery,Surat,Uttar Pradesh
MER101815,Fuel,Hyderabad,Delhi
MER101816,E-commerce,Kochi,Maharashtra
MER101817,Utilities,Chennai,Delhi
MER101818,Education,New Delhi,Uttar Pradesh
MER101819,Healthcare,Kochi,Rajasthan
MER101820,Healthcare,Nagpur,Maharashtra
MER101821,Food & Dining,Kochi,Kerala
MER101822,Fuel,Pune,Maharashtra
MER101823,Fuel,New Delhi,West Bengal
MER101824,Travel,Jaipur,Telangana
MER101825,Retail,Nagpur,Delhi
MER101826,Grocery,Bengaluru,Gujarat
MER101827,Food & Dining,Kochi,Gujarat
MER101828,Fuel,Surat,Uttar Pradesh
MER101829,Utilities,Lucknow,Kerala
MER101830,Retail,Mumbai,Kerala
MER101831,Utilities,Hyderabad,Telangana
MER101832,Utilities,Nagpur,Gujarat
MER101833,Healthcare,Mysuru,Karnataka
MER101834,Utilities,Kolkata,Kerala
MER101835,Grocery,Chennai,Kerala
MER101836,Entertainment,Ahmedabad,Tamil Nadu
MER101837,Grocery,Nagpur,Karnataka
MER101838,Grocery,Surat,Maharashtra
MER101839,Grocery,Chennai,Maharashtra
MER101840,Education,Pune,Telangana
MER101841,Food & Dining,Ahmedabad,Uttar Pradesh
MER101842,Utilities,Kochi,Tamil Nadu
MER101843,Utilities,Mysuru,Uttar Pradesh
MER101844,E-commerce,New Delhi,Gujarat
MER101845,E-commerce,Mysuru,Telangana
MER101846,Travel,Hyderabad,Delhi
MER101847,Food & Dining,Pune,West Bengal
MER101848,Healthcare,Ahmedabad,Gujarat
MER101849,Entertainment,Mysuru,Telangana
MER101850,Travel,Mumbai,Telangana
MER101851,Travel,Bengaluru,Gujarat
MER101852,Entertainment,New Delhi,Karnataka
MER101853,Grocery,Noida,Karnataka
MER101854,Grocery,Surat,Telangana
MER101855,Food & Dining,Mysuru,Uttar Pradesh
MER101856,Grocery,Nagpur,Telangana
MER101857,Education,Pune,Uttar Pradesh
MER101858,Fuel,Kolkata,Karnataka
MER101859,Healthcare,Noida,Rajasthan
MER101860,Healthcare,Pune,West Bengal
MER101861,Utilities,Nagpur,Delhi
MER101862,Retail,Hyderabad,Karnataka
MER101863,Retail,Nagpur,Rajasthan
MER101864,Travel,Nagpur,Maharashtra
MER101865,Travel,Nagpur,Uttar Pradesh
MER101866,Entertainment,Lucknow,Kerala
MER101867,Travel,Surat,Rajasthan
MER101868,Healthcare,Chennai,Karnataka
MER101869,Education,New Delhi,West Bengal
MER101870,Utilities,Bengaluru,West Bengal
MER101871,Retail,Kolkata,Kerala
MER101872,Utilities,Nagpur,Delhi
MER101873,Grocery,Kolkata,Telangana
MER101874,Entertainment,Mumbai,Kerala
MER101875,Fuel,Nagpur,Delhi
MER101876,Fuel,Mysuru,Gujarat
MER101877,Retail,Lucknow,Kerala
MER101878,Utilities,Kolkata,Rajasthan
MER101879,Education,Mumbai,Gujarat
MER101880,Grocery,Mumbai,Rajasthan
MER101881,Retail,New Delhi,Tamil Nadu
MER101882,Grocery,Lucknow,Tamil Nadu
MER101883,Utilities,Pune,Kerala
MER101884,Food & Dining,Kolkata,Telangana
MER101885,Fuel,Pune,Karnataka
MER101886,Travel,New Delhi,Gujarat
MER101887,Education,Chennai,Kerala
MER101888,Entertainment,Chennai,Rajasthan
MER101889,Education,Hyderabad,Uttar Pradesh
MER101890,Entertainment,New Delhi,Maharashtra
MER101891,E-commerce,Hyderabad,Uttar Pradesh
MER101892,Fuel,Bengaluru,Karnataka
MER101893,Retail,Chennai,Karnataka
MER101894,Utilities,Kolkata,Maharashtra
MER101895,E-commerce,Lucknow,Rajasthan
MER101896,Food & Dining,Pune,Delhi
MER101897,E-commerce,Chennai,Kerala
MER101898,Entertainment,Bengaluru,Uttar Pradesh
MER101899,Food & Dining,Kolkata,Karnataka
MER101900,Healthcare,Ahmedabad,Tamil Nadu
MER101901,Food & Dining,New Delhi,West Bengal
MER101902,Utilities,Hyderabad,Kerala
MER101903,E-commerce,Mumbai,West Bengal
MER101904,Healthcare,Lucknow,Gujarat
MER101905,Travel,Mumbai,Kerala
MER101906,E-commerce,Mysuru,Karnataka
MER101907,Utilities,Mysuru,Telangana
MER101908,Food & Dining,Bengaluru,Telangana
MER101909,Retail,Chennai,Uttar Pradesh
MER101910,Food & Dining,Chennai,Tamil Nadu
MER101911,Grocery,Noida,Uttar Pradesh
MER101912,Entertainment,Jaipur,Kerala
MER101913,Fuel,Ahmedabad,Telangana
MER101914,Grocery,Hyderabad,Rajasthan
MER101915,Utilities,New Delhi,Gujarat
MER101916,Utilities,Noida,Uttar Pradesh
MER101917,Healthcare,Jaipur,Rajasthan
MER101918,Travel,Kolkata,Karnataka
MER101919,Healthcare,Nagpur,Gujarat
MER101920,Education,Bengaluru,West Bengal
MER101921,Travel,Kochi,Karnataka
MER101922,Travel,Kochi,West Bengal
MER101923,Fuel,Jaipur,Telangana
MER101924,Fuel,Mysuru,Telangana
MER101925,E-commerce,Kochi,Rajasthan
MER101926,Retail,Hyderabad,Uttar Pradesh
MER101927,Food & Dining,Pune,Delhi
MER101928,Healthcare,Nagpur,Maharashtra
MER101929,Grocery,Bengaluru,Delhi
MER101930,Utilities,Nagpur,Kerala
MER101931,Utilities,Kochi,Uttar Pradesh
MER101932,Food & Dining,Jaipur,Kerala
MER101933,Healthcare,Ahmedabad,Karnataka
MER101934,Entertainment,Ahmedabad,West Bengal
MER101935,E-commerce,Ahmedabad,Kerala
MER101936,Retail,Chennai,Gujarat
MER101937,Travel,Mysuru,Delhi
MER101938,Utilities,Kochi,Gujarat
MER101939,Education,Kolkata,Kerala
MER101940,Fuel,Bengaluru,Tamil Nadu
MER101941,Travel,New Delhi,Rajasthan
MER101942,Grocery,Chennai,Maharashtra
MER101943,Fuel,Kochi,Rajasthan
MER101944,Retail,New Delhi,Telangana
MER101945,Education,Noida,Karnataka
MER101946,Retail,Kochi,West Bengal
MER101947,Food & Dining,New Delhi,Tamil Nadu
MER101948,Entertainment,Noida,Gujarat
MER101949,Retail,Mysuru,Telangana
MER101950,Travel,Ahmedabad,Gujarat
MER101951,Grocery,Lucknow,Maharashtra
MER101952,Retail,Lucknow,Kerala
MER101953,Utilities,Nagpur,Delhi
MER101954,Grocery,New Delhi,Uttar Pradesh
MER101955,Entertainment,New Delhi,West Bengal
MER101956,Education,New Delhi,Karnataka
MER101957,E-commerce,Mysuru,Rajasthan
MER101958,Travel,New Delhi,Telangana
MER101959,Fuel,Mumbai,Uttar Pradesh
MER101960,Fuel,Mumbai,Rajasthan
MER101961,Utilities,Kochi,West Bengal
MER101962,Food & Dining,Noida,Uttar Pradesh
MER101963,Fuel,Ahmedabad,Karnataka
MER101964,Grocery,Nagpur,Kerala
MER101965,Fuel,Surat,West Bengal
MER101966,Fuel,Nagpur,West Bengal
MER101967,Fuel,Nagpur,West Bengal
MER101968,E-commerce,Chennai,Rajasthan
MER101969,Education,Hyderabad,Telangana
MER101970,E-commerce,Mysuru,West Bengal
MER101971,Entertainment,Nagpur,Rajasthan
MER101972,Fuel,Mysuru,Uttar Pradesh
MER101973,E-commerce,Ahmedabad,Uttar Pradesh
MER101974,Food & Dining,Surat,Karnataka
MER101975,Fuel,Hyderabad,Tamil Nadu
MER101976,Education,Jaipur,Uttar Pradesh
MER101977,Entertainment,Nagpur,Maharashtra
MER101978,Utilities,Mumbai,Gujarat
MER101979,Fuel,Mysuru,Delhi
MER101980,Education,Jaipur,West Bengal
MER101981,Travel,Hyderabad,Telangana
MER101982,Fuel,Surat,Rajasthan
MER101983,Entertainment,Pune,Kerala
MER101984,Education,New Delhi,Karnataka
MER101985,E-commerce,Chennai,Maharashtra
MER101986,Fuel,Chennai,Rajasthan
MER101987,Food & Dining,Lucknow,Uttar Pradesh
MER101988,Education,Ahmedabad,Kerala
MER101989,Retail,Mumbai,Kerala
MER101990,E-commerce,Mumbai,Telangana
MER101991,Travel,Pune,Rajasthan
MER101992,E-commerce,Kochi,Rajasthan
MER101993,Utilities,Chennai,Tamil Nadu
MER101994,Retail,Pune,Gujarat
MER101995,Utilities,Ahmedabad,Delhi
MER101996,Entertainment,Nagpur,Tamil Nadu
MER101997,Retail,Noida,Gujarat
MER101998,Grocery,Hyderabad,Uttar Pradesh
MER101999,Travel,Ahmedabad,Kerala
MER102000,Food & Dining,Chennai,Karnataka
MER102001,Utilities,Hyderabad,Tamil Nadu
MER102002,Entertainment,Hyderabad,Maharashtra
MER102003,Retail,Hyderabad,Maharashtra
MER102004,Education,New Delhi,Rajasthan
MER102005,Retail,Jaipur,Karnataka
MER102006,Education,Noida,Tamil Nadu
MER102007,Entertainment,Nagpur,Maharashtra
MER102008,Healthcare,Bengaluru,Gujarat
MER102009,Entertainment,Kolkata,Tamil Nadu
MER102010,Grocery,Surat,Kerala
MER102011,Food & Dining,Bengaluru,Tamil Nadu
MER102012,Utilities,Chennai,Karnataka
MER102013,Utilities,Ahmedabad,Telangana
MER102014,Education,Hyderabad,Delhi
MER102015,Utilities,Jaipur,Maharashtra
MER102016,Utilities,Pune,Maharashtra
MER102017,Utilities,Mysuru,Uttar Pradesh
MER102018,Education,Chennai,West Bengal
MER102019,Education,Kochi,Rajasthan
MER102020,Entertainment,Pune,Rajasthan
MER102021,Entertainment,Surat,Uttar Pradesh
MER102022,Retail,Hyderabad,Delhi
MER102023,Entertainment,Nagpur,Tamil Nadu
MER102024,Education,Noida,Kerala
MER102025,Healthcare,Mumbai,Delhi
MER102026,Grocery,Lucknow,Maharashtra
MER102027,Travel,Bengaluru,Tamil Nadu
MER102028,Grocery,Chennai,Rajasthan
MER102029,Utilities,Nagpur,West Bengal
MER102030,Retail,Pune,Delhi
MER102031,Fuel,Pune,Telangana
MER102032,Fuel,Pune,Rajasthan
MER102033,Healthcare,Pune,Delhi
MER102034,Travel,Kolkata,Delhi
MER102035,Retail,Kochi,Rajasthan
MER102036,Education,Nagpur,Gujarat
MER102037,Healthcare,Bengaluru,Rajasthan
MER102038,Entertainment,Kochi,Tamil Nadu
MER102039,Grocery,Bengaluru,Uttar Pradesh
MER102040,Education,Lucknow,Karnataka
MER102041,Retail,Chennai,West Bengal
MER102042,Retail,Kochi,Delhi
MER102043,E-commerce,Noida,Rajasthan
MER102044,Utilities,Mumbai,Gujarat
MER102045,Healthcare,Mysuru,Karnataka
MER102046,Utilities,Nagpur,Rajasthan
MER102047,Entertainment,Chennai,Maharashtra
MER102048,Entertainment,Chennai,Kerala
MER102049,Entertainment,Noida,Delhi
MER102050,Education,Jaipur,West Bengal
MER102051,Travel,Lucknow,Delhi
MER102052,Entertainment,New Delhi,Uttar Pradesh
MER102053,Travel,Lucknow,West Bengal
MER102054,Grocery,Bengaluru,Rajasthan
MER102055,Food & Dining,Pune,Tamil Nadu
MER102056,Retail,Chennai,Gujarat
MER102057,Utilities,Nagpur,Kerala
MER102058,Healthcare,Lucknow,Rajasthan
MER102059,Grocery,Kolkata,Maharashtra
MER102060,Food & Dining,Pune,Tamil Nadu
MER102061,Education,Chennai,Uttar Pradesh
MER102062,Food & Dining,Hyderabad,West Bengal
MER102063,Healthcare,Kolkata,Kerala
MER102064,Fuel,Noida,Uttar Pradesh
MER102065,Utilities,Lucknow,West Bengal
MER102066,Grocery,Surat,Delhi
MER102067,Travel,Hyderabad,Delhi
MER102068,E-commerce,Jaipur,Telangana
MER102069,Entertainment,Hyderabad,West Bengal
MER102070,Utilities,Jaipur,Rajasthan
MER102071,Entertainment,Kolkata,Karnataka
MER102072,Fuel,Jaipur,Karnataka
MER102073,Retail,Hyderabad,Uttar Pradesh
MER102074,Healthcare,New Delhi,Karnataka
MER102075,Utilities,Jaipur,Rajasthan
MER102076,Retail,Ahmedabad,Tamil Nadu
MER102077,Grocery,Jaipur,Kerala
MER102078,Utilities,Kolkata,Kerala
MER102079,Fuel,Chennai,Maharashtra
MER102080,Fuel,Surat,Delhi
MER102081,Food & Dining,Noida,West Bengal
MER102082,Healthcare,New Delhi,Delhi
MER102083,Healthcare,Mumbai,Maharashtra
MER102084,Grocery,Surat,Karnataka
MER102085,Retail,Kolkata,Rajasthan
MER102086,Grocery,Nagpur,Kerala
MER102087,Utilities,New Delhi,Maharashtra
MER102088,Food & Dining,Pune,Kerala
MER102089,Healthcare,Surat,Karnataka
MER102090,Fuel,Bengaluru,Karnataka
MER102091,Retail,Lucknow,Maharashtra
MER102092,Education,Surat,Delhi
MER102093,Travel,Ahmedabad,Karnataka
MER102094,Retail,Surat,Rajasthan
MER102095,Healthcare,Pune,Gujarat
MER102096,Travel,Kolkata,West Bengal
MER102097,Entertainment,Ahmedabad,Rajasthan
MER102098,Travel,Surat,Gujarat
MER102099,Fuel,Noida,Tamil Nadu
MER102100,Travel,Nagpur,Tamil Nadu
MER102101,Food & Dining,Ahmedabad,Uttar Pradesh
MER102102,Entertainment,Ahmedabad,West Bengal
MER102103,Healthcare,Nagpur,West Bengal
MER102104,Education,Lucknow,West Bengal
MER102105,Travel,Mysuru,Karnataka
MER102106,E-commerce,Chennai,Karnataka
MER102107,E-commerce,Hyderabad,Tamil Nadu
MER102108,Utilities,New Delhi,West Bengal
MER102109,Grocery,Kolkata,Delhi
MER102110,Food & Dining,Mysuru,Delhi
MER102111,Retail,Jaipur,Delhi
MER102112,Grocery,Bengaluru,Tamil Nadu
MER102113,Grocery,Kolkata,Uttar Pradesh
MER102114,Utilities,Surat,Kerala
MER102115,Grocery,Noida,Tamil Nadu
MER102116,Entertainment,Chennai,West Bengal
MER102117,Travel,Noida,Tamil Nadu
MER102118,Healthcare,New Delhi,Gujarat
MER102119,Entertainment,Mysuru,Delhi
MER102120,Retail,Lucknow,Maharashtra
MER102121,Food & Dining,Bengaluru,Kerala
MER102122,Grocery,Surat,Maharashtra
MER102123,Fuel,Chennai,Delhi
MER102124,Education,Kochi,Uttar Pradesh
MER102125,Fuel,Hyderabad,Tamil Nadu
MER102126,Grocery,Surat,Maharashtra
MER102127,Retail,Nagpur,Gujarat
MER102128,Food & Dining,Nagpur,West Bengal
MER102129,Retail,Mysuru,Rajasthan
MER102130,Utilities,Ahmedabad,Uttar Pradesh
MER102131,Retail,Pune,Rajasthan
MER102132,Utilities,Surat,West Bengal
MER102133,Utilities,New Delhi,Gujarat
MER102134,Utilities,Jaipur,Kerala
MER102135,Travel,Mumbai,Telangana
MER102136,Food & Dining,Jaipur,Gujarat
MER102137,Grocery,Hyderabad,Delhi
MER102138,Entertainment,Hyderabad,Karnataka
MER102139,Education,Lucknow,Tamil Nadu
MER102140,Food & Dining,Hyderabad,Kerala
MER102141,Food & Dining,Mumbai,Uttar Pradesh
MER102142,Retail,Bengaluru,Maharashtra
MER102143,Grocery,Ahmedabad,Delhi
MER102144,Food & Dining,Hyderabad,Kerala
MER102145,Education,Bengaluru,Kerala
MER102146,Food & Dining,Mysuru,Delhi
MER102147,Retail,New Delhi,West Bengal
MER102148,Retail,Noida,Uttar Pradesh
MER102149,Healthcare,Lucknow,Tamil Nadu
MER102150,Travel,Mysuru,Delhi
MER102151,E-commerce,Jaipur,Karnataka
MER102152,Education,New Delhi,Tamil Nadu
MER102153,Utilities,Chennai,Gujarat
MER102154,Food & Dining,Nagpur,Delhi
MER102155,Utilities,Ahmedabad,Telangana
MER102156,Fuel,Lucknow,Gujarat
MER102157,Food & Dining,Surat,Telangana
MER102158,Healthcare,Kolkata,Karnataka
MER102159,Fuel,Kochi,Telangana
MER102160,Education,Chennai,Delhi
MER102161,Food & Dining,Ahmedabad,Delhi
MER102162,Retail,Nagpur,Gujarat
MER102163,Utilities,Hyderabad,Gujarat
MER102164,Food & Dining,Nagpur,Delhi
MER102165,E-commerce,Bengaluru,Kerala
MER102166,Entertainment,Jaipur,Maharashtra
MER102167,Food & Dining,Jaipur,Maharashtra
MER102168,Entertainment,Ahmedabad,Rajasthan
MER102169,Retail,Bengaluru,Karnataka
MER102170,Education,Mysuru,Tamil Nadu
MER102171,Retail,Pune,West Bengal
MER102172,Food & Dining,New Delhi,Delhi
MER102173,Fuel,Chennai,Rajasthan
MER102174,Travel,Pune,Karnataka
MER102175,E-commerce,Surat,West Bengal
MER102176,E-commerce,Kolkata,Gujarat
MER102177,Education,Ahmedabad,Gujarat
MER102178,Retail,Kolkata,Gujarat
MER102179,Healthcare,Noida,Uttar Pradesh
MER102180,Food & Dining,Bengaluru,Gujarat
MER102181,Utilities,Bengaluru,Gujarat
MER102182,Utilities,Bengaluru,Telangana
MER102183,Utilities,Bengaluru,Gujarat
MER102184,Grocery,Bengaluru,Tamil Nadu
MER102185,Fuel,Chennai,Gujarat
MER102186,Food & Dining,Mysuru,Karnataka
MER102187,E-commerce,Bengaluru,Tamil Nadu
MER102188,Healthcare,New Delhi,Kerala
MER102189,Retail,New Delhi,Karnataka
MER102190,Grocery,Lucknow,Tamil Nadu
MER102191,E-commerce,Nagpur,Tamil Nadu
MER102192,Travel,Jaipur,Kerala
MER102193,Fuel,Jaipur,Tamil Nadu
MER102194,Retail,Noida,Kerala
MER102195,Utilities,Kolkata,Uttar Pradesh
MER102196,Utilities,Mumbai,Maharashtra
MER102197,Healthcare,Chennai,Kerala
MER102198,Utilities,Jaipur,Tamil Nadu
MER102199,Grocery,Mysuru,Rajasthan
MER102200,Retail,Hyderabad,Delhi
MER102201,Food & Dining,New Delhi,Tamil Nadu
MER102202,Fuel,Lucknow,Tamil Nadu
MER102203,Utilities,Bengaluru,Kerala
MER102204,Entertainment,New Delhi,Karnataka
MER102205,Food & Dining,Ahmedabad,Rajasthan
MER102206,Travel,Mumbai,Delhi
MER102207,Retail,Lucknow,Karnataka
MER102208,Healthcare,Mumbai,West Bengal
MER102209,Healthcare,Chennai,Gujarat
MER102210,Travel,Ahmedabad,Telangana
MER102211,Education,Surat,Rajasthan
MER102212,Healthcare,New Delhi,Rajasthan
MER102213,Healthcare,Chennai,Uttar Pradesh
MER102214,Utilities,Lucknow,Gujarat
MER102215,Grocery,Lucknow,Delhi
MER102216,Retail,Mysuru,Kerala
MER102217,Food & Dining,Bengaluru,Gujarat
MER102218,E-commerce,Jaipur,Delhi
MER102219,Retail,Pune,Maharashtra
MER102220,Education,Noida,Delhi
MER102221,Retail,Kolkata,Delhi
MER102222,Utilities,Jaipur,Kerala
MER102223,Healthcare,Kolkata,Telangana
MER102224,Grocery,New Delhi,Gujarat
MER102225,Grocery,Noida,Delhi
MER102226,Grocery,Mumbai,Rajasthan
MER102227,Utilities,New Delhi,Uttar Pradesh
MER102228,Healthcare,Hyderabad,Gujarat
MER102229,Travel,New Delhi,Tamil Nadu
MER102230,Travel,Bengaluru,Tamil Nadu
MER102231,Retail,Kochi,Telangana
MER102232,Fuel,Mumbai,Uttar Pradesh
MER102233,Healthcare,Surat,Rajasthan
MER102234,Education,Kolkata,Tamil Nadu
MER102235,Grocery,Nagpur,Kerala
MER102236,Grocery,Mysuru,West Bengal
MER102237,Retail,Jaipur,Karnataka
MER102238,Fuel,Nagpur,Telangana
MER102239,Retail,Bengaluru,Maharashtra
MER102240,Grocery,Chennai,Kerala
MER102241,Fuel,Ahmedabad,Maharashtra
MER102242,E-commerce,Hyderabad,Maharashtra
MER102243,Food & Dining,Surat,Karnataka
MER102244,Fuel,Jaipur,Tamil Nadu
MER102245,Retail,Pune,Karnataka
MER102246,Utilities,Hyderabad,Telangana
MER102247,Entertainment,Chennai,Maharashtra
MER102248,Travel,Jaipur,Uttar Pradesh
MER102249,E-commerce,Ahmedabad,Rajasthan
MER102250,Entertainment,Hyderabad,Uttar Pradesh
MER102251,Retail,Mumbai,Rajasthan
MER102252,Healthcare,Chennai,Telangana
MER102253,Food & Dining,Kolkata,Kerala
MER102254,Retail,Chennai,Delhi
MER102255,Fuel,Mumbai,West Bengal
MER102256,Healthcare,Kochi,West Bengal
MER102257,Food & Dining,Mysuru,West Bengal
MER102258,Food & Dining,Mumbai,West Bengal
MER102259,Utilities,Ahmedabad,Delhi
MER102260,Retail,Jaipur,Rajasthan
MER102261,Education,Hyderabad,Kerala
MER102262,Grocery,Surat,Telangana
MER102263,Travel,Kochi,Maharashtra
MER102264,Travel,Ahmedabad,Maharashtra
MER102265,Fuel,Pune,Maharashtra
MER102266,Travel,Bengaluru,Uttar Pradesh
MER102267,Travel,Ahmedabad,Uttar Pradesh
MER102268,Travel,Pune,Rajasthan
MER102269,E-commerce,Mysuru,Rajasthan
MER102270,Travel,Kolkata,Tamil Nadu
MER102271,Utilities,Noida,Tamil Nadu
MER102272,Fuel,Hyderabad,Tamil Nadu
MER102273,Entertainment,Hyderabad,Telangana
MER102274,Food & Dining,Kolkata,Gujarat
MER102275,Fuel,Kochi,Tamil Nadu
MER102276,Grocery,Kolkata,Rajasthan
MER102277,Entertainment,Surat,Delhi
MER102278,Grocery,New Delhi,Karnataka
MER102279,Fuel,Mumbai,Rajasthan
MER102280,Entertainment,Kochi,Uttar Pradesh
MER102281,E-commerce,Bengaluru,Telangana
MER102282,Travel,Kolkata,Telangana
MER102283,Entertainment,Mysuru,Delhi
MER102284,E-commerce,Surat,Tamil Nadu
MER102285,Utilities,Nagpur,Kerala
MER102286,E-commerce,Mumbai,Tamil Nadu
MER102287,Grocery,Surat,West Bengal
MER102288,Entertainment,Nagpur,Telangana
MER102289,Education,Ahmedabad,Telangana
MER102290,Grocery,Mumbai,Gujarat
MER102291,Healthcare,New Delhi,Telangana
MER102292,Fuel,Kochi,Delhi
MER102293,Entertainment,Mumbai,Uttar Pradesh
MER102294,Utilities,Noida,West Bengal
MER102295,E-commerce,Chennai,Tamil Nadu
MER102296,Utilities,Bengaluru,Gujarat
MER102297,Education,Hyderabad,West Bengal
MER102298,Grocery,Mumbai,Telangana
MER102299,Healthcare,Jaipur,Gujarat
MER102300,Healthcare,Kolkata,Delhi
MER102301,Fuel,Kochi,Uttar Pradesh
MER102302,Entertainment,Pune,Karnataka
MER102303,Travel,Mumbai,Tamil Nadu
MER102304,E-commerce,Ahmedabad,Rajasthan
MER102305,Healthcare,Mumbai,Maharashtra
MER102306,Food & Dining,Mumbai,Gujarat
MER102307,Fuel,Pune,Delhi
MER102308,Utilities,Mumbai,Rajasthan
MER102309,Food & Dining,Kolkata,Maharashtra
MER102310,E-commerce,Hyderabad,Tamil Nadu
MER102311,Travel,Noida,Telangana
MER102312,Utilities,Surat,Rajasthan
MER102313,Travel,Mysuru,Karnataka
MER102314,E-commerce,Bengaluru,Maharashtra
MER102315,Retail,Noida,Kerala
MER102316,Entertainment,Nagpur,West Bengal
MER102317,Education,Kolkata,West Bengal
MER102318,Education,Mumbai,Uttar Pradesh
MER102319,Retail,Bengaluru,Uttar Pradesh
MER102320,Fuel,Lucknow,Gujarat
MER102321,Utilities,Bengaluru,Rajasthan
MER102322,Travel,Lucknow,Telangana
MER102323,Education,Nagpur,Kerala
MER102324,Grocery,Kolkata,Gujarat
MER102325,Food & Dining,New Delhi,Rajasthan
MER102326,E-commerce,Noida,Uttar Pradesh
MER102327,E-commerce,Bengaluru,Uttar Pradesh
MER102328,Grocery,Surat,Rajasthan
MER102329,Fuel,Hyderabad,Gujarat
MER102330,Food & Dining,Mumbai,Telangana
MER102331,Food & Dining,Jaipur,Uttar Pradesh
MER102332,E-commerce,Noida,Gujarat
MER102333,E-commerce,Hyderabad,Uttar Pradesh
MER102334,Retail,Kochi,Tamil Nadu
MER102335,Healthcare,Jaipur,Uttar Pradesh
MER102336,Fuel,Jaipur,Maharashtra
MER102337,Fuel,Pune,Tamil Nadu
MER102338,Entertainment,Lucknow,Maharashtra
MER102339,Entertainment,Chennai,Maharashtra
MER102340,Healthcare,Mysuru,Tamil Nadu
MER102341,Fuel,Noida,Kerala
MER102342,Food & Dining,Pune,Maharashtra
MER102343,Healthcare,Hyderabad,Uttar Pradesh
MER102344,Fuel,Lucknow,Kerala
MER102345,Fuel,Hyderabad,Uttar Pradesh
MER102346,Retail,Ahmedabad,Maharashtra
MER102347,Retail,Mumbai,West Bengal
MER102348,Education,Bengaluru,Kerala
MER102349,Food & Dining,Chennai,Telangana
MER102350,Grocery,New Delhi,Karnataka
MER102351,Education,Pune,Telangana
MER102352,Healthcare,Surat,Maharashtra
MER102353,Education,Pune,Rajasthan
MER102354,Travel,Surat,Tamil Nadu
MER102355,E-commerce,Pune,West Bengal
MER102356,Grocery,Surat,Kerala
MER102357,E-commerce,Kolkata,Kerala
MER102358,Travel,Pune,Karnataka
MER102359,E-commerce,Nagpur,West Bengal
MER102360,Healthcare,Ahmedabad,Uttar Pradesh
MER102361,Travel,Bengaluru,Telangana
MER102362,Travel,Noida,Gujarat
MER102363,Grocery,Kochi,Karnataka
MER102364,Fuel,Nagpur,Kerala
MER102365,Education,Ahmedabad,Uttar Pradesh
MER102366,Utilities,Hyderabad,Maharashtra
MER102367,Food & Dining,Ahmedabad,Telangana
MER102368,E-commerce,Hyderabad,Tamil Nadu
MER102369,E-commerce,Chennai,Gujarat
MER102370,Travel,Mysuru,Rajasthan
MER102371,Entertainment,Chennai,Uttar Pradesh
MER102372,Fuel,Chennai,Uttar Pradesh
MER102373,Education,Mysuru,Gujarat
MER102374,Retail,Surat,Gujarat
MER102375,Grocery,Pune,Telangana
MER102376,Grocery,New Delhi,Maharashtra
MER102377,Healthcare,Pune,Kerala
MER102378,Education,Kochi,Karnataka
MER102379,Utilities,Mumbai,Rajasthan
MER102380,Food & Dining,Chennai,Tamil Nadu
MER102381,Retail,Bengaluru,Kerala
MER102382,E-commerce,Pune,Uttar Pradesh
MER102383,Travel,Hyderabad,Tamil Nadu
MER102384,E-commerce,Chennai,Rajasthan
MER102385,Entertainment,Hyderabad,Telangana
MER102386,Entertainment,Bengaluru,Maharashtra
MER102387,Fuel,Chennai,Rajasthan
MER102388,Food & Dining,Bengaluru,West Bengal
MER102389,Retail,Jaipur,Maharashtra
MER102390,Entertainment,Kochi,Uttar Pradesh
MER102391,Travel,Jaipur,Karnataka
MER102392,Food & Dining,Kolkata,Tamil Nadu
MER102393,Grocery,Nagpur,Maharashtra
MER102394,Fuel,Ahmedabad,Rajasthan
MER102395,Education,Surat,Delhi
MER102396,Grocery,Jaipur,Delhi
MER102397,Travel,Mysuru,Kerala
MER102398,Fuel,Hyderabad,Karnataka
MER102399,Fuel,Mysuru,Telangana
MER102400,Education,Mumbai,Telangana
MER102401,Entertainment,Hyderabad,Tamil Nadu
MER102402,Entertainment,Mysuru,Maharashtra
MER102403,Education,Mysuru,Maharashtra
MER102404,Education,Kochi,Tamil Nadu
MER102405,Travel,Mumbai,Delhi
MER102406,Grocery,Jaipur,Rajasthan
MER102407,Healthcare,Kochi,Uttar Pradesh
MER102408,Utilities,Chennai,West Bengal
MER102409,Healthcare,Bengaluru,Rajasthan
MER102410,Travel,Pune,Gujarat
MER102411,E-commerce,Surat,West Bengal
MER102412,Travel,Mumbai,Karnataka
MER102413,Grocery,Pune,Karnataka
MER102414,Fuel,Nagpur,Maharashtra
MER102415,Food & Dining,Kochi,West Bengal
MER102416,Food & Dining,Nagpur,Uttar Pradesh
MER102417,Utilities,Mysuru,Maharashtra
MER102418,Grocery,Noida,Tamil Nadu
MER102419,Education,Nagpur,Tamil Nadu
MER102420,Travel,Noida,Tamil Nadu
MER102421,Healthcare,Nagpur,Delhi
MER102422,Fuel,Mumbai,Karnataka
MER102423,Food & Dining,Surat,Gujarat
MER102424,Food & Dining,Mysuru,Kerala
MER102425,Grocery,Surat,Karnataka
MER102426,Utilities,Mumbai,West Bengal
MER102427,Education,Chennai,Delhi
MER102428,Education,Mumbai,Karnataka
MER102429,Travel,Nagpur,Delhi
MER102430,Travel,Lucknow,Maharashtra
MER102431,Fuel,Jaipur,Kerala
MER102432,Grocery,Surat,West Bengal
MER102433,Fuel,Mumbai,Tamil Nadu
MER102434,Retail,Ahmedabad,West Bengal
MER102435,Entertainment,Mysuru,Delhi
MER102436,Education,Noida,Karnataka
MER102437,Grocery,Lucknow,Maharashtra
MER102438,Food & Dining,Nagpur,Telangana
MER102439,Healthcare,Kolkata,Maharashtra
MER102440,Food & Dining,Surat,Telangana
MER102441,Travel,Jaipur,Delhi
MER102442,Travel,Ahmedabad,Delhi
MER102443,Food & Dining,Pune,Telangana
MER102444,Entertainment,Lucknow,Uttar Pradesh
MER102445,Grocery,Jaipur,Kerala
MER102446,Grocery,Jaipur,Tamil Nadu
MER102447,Healthcare,Chennai,Uttar Pradesh
MER102448,Utilities,New Delhi,Tamil Nadu
MER102449,Food & Dining,Hyderabad,Delhi
MER102450,Food & Dining,Pune,Telangana
MER102451,Travel,Lucknow,West Bengal
MER102452,Entertainment,Pune,Rajasthan
MER102453,Food & Dining,Noida,Rajasthan
MER102454,E-commerce,Mumbai,Telangana
MER102455,Healthcare,Jaipur,Tamil Nadu
MER102456,Travel,Lucknow,Kerala
MER102457,Food & Dining,Bengaluru,Gujarat
MER102458,Grocery,Jaipur,Gujarat
MER102459,Entertainment,Mysuru,Kerala
MER102460,Fuel,Noida,Rajasthan
MER102461,Utilities,Chennai,West Bengal
MER102462,Fuel,Chennai,Gujarat
MER102463,Fuel,Noida,Telangana
MER102464,Food & Dining,Pune,West Bengal
MER102465,E-commerce,Ahmedabad,Telangana
MER102466,Healthcare,New Delhi,Kerala
MER102467,Utilities,Mysuru,Rajasthan
MER102468,Education,Noida,Kerala
MER102469,Fuel,Kochi,Delhi
MER102470,E-commerce,Lucknow,Kerala
MER102471,Entertainment,Bengaluru,Uttar Pradesh
MER102472,Grocery,Jaipur,Karnataka
MER102473,E-commerce,Kochi,Tamil Nadu
MER102474,Grocery,New Delhi,West Bengal
MER102475,Fuel,Hyderabad,Uttar Pradesh
MER102476,Utilities,Pune,Gujarat
MER102477,Fuel,Bengaluru,Gujarat
MER102478,Grocery,Mumbai,Karnataka
MER102479,Grocery,New Delhi,Telangana
MER102480,Entertainment,Chennai,Maharashtra
MER102481,Education,Mysuru,Telangana
MER102482,Travel,Chennai,Gujarat
MER102483,Grocery,Surat,Telangana
MER102484,Education,Lucknow,West Bengal
MER102485,Entertainment,Surat,West Bengal
MER102486,Retail,New Delhi,Uttar Pradesh
MER102487,Utilities,Kolkata,Maharashtra
MER102488,Utilities,Surat,Delhi
MER102489,Education,Bengaluru,Gujarat
MER102490,Education,Pune,West Bengal
MER102491,E-commerce,Ahmedabad,Gujarat
MER102492,Food & Dining,Kolkata,Rajasthan
MER102493,Food & Dining,Bengaluru,Karnataka
MER102494,E-commerce,Hyderabad,Rajasthan
MER102495,Education,Kolkata,West Bengal
MER102496,Fuel,Lucknow,Karnataka
MER102497,E-commerce,Hyderabad,West Bengal
MER102498,Travel,New Delhi,Uttar Pradesh
MER102499,Retail,Lucknow,Kerala
MER102500,Fuel,Mumbai,Delhi
MER102501,Food & Dining,Lucknow,Karnataka
MER102502,Food & Dining,Bengaluru,West Bengal
MER102503,Travel,Jaipur,Uttar Pradesh
MER102504,Entertainment,Bengaluru,Uttar Pradesh
MER102505,Retail,Pune,Telangana
MER102506,Travel,Jaipur,Kerala
MER102507,Fuel,Surat,Tamil Nadu
MER102508,Education,Bengaluru,Tamil Nadu
MER102509,Education,Hyderabad,Rajasthan
MER102510,Education,Jaipur,Gujarat
MER102511,Grocery,Kolkata,Karnataka
MER102512,Utilities,Kochi,Tamil Nadu
MER102513,Fuel,Bengaluru,West Bengal
MER102514,Fuel,Kochi,Rajasthan
MER102515,Travel,New Delhi,Rajasthan
MER102516,Retail,Kolkata,Rajasthan
MER102517,Entertainment,Bengaluru,Kerala
MER102518,Food & Dining,Mumbai,Delhi
MER102519,Grocery,Noida,Gujarat
MER102520,Healthcare,Nagpur,Karnataka
MER102521,Grocery,Surat,Karnataka
MER102522,Food & Dining,Pune,West Bengal
MER102523,Food & Dining,Surat,Maharashtra
MER102524,Education,Kochi,Telangana
MER102525,Retail,New Delhi,Tamil Nadu
MER102526,Entertainment,Lucknow,Delhi
MER102527,Travel,Chennai,Telangana
MER102528,Grocery,Pune,Gujarat
MER102529,Retail,Noida,Tamil Nadu
MER102530,Fuel,Mumbai,Delhi
MER102531,E-commerce,Jaipur,Rajasthan
MER102532,Entertainment,Pune,Maharashtra
MER102533,Entertainment,Mysuru,West Bengal
MER102534,Education,Ahmedabad,Kerala
MER102535,E-commerce,Ahmedabad,Kerala
MER102536,E-commerce,Chennai,Telangana
MER102537,Travel,Mysuru,West Bengal
MER102538,Utilities,Chennai,Kerala
MER102539,Fuel,Surat,West Bengal
MER102540,Healthcare,Surat,Karnataka
MER102541,Travel,Mysuru,Tamil Nadu
MER102542,Travel,Mysuru,Tamil Nadu
MER102543,Healthcare,Pune,Gujarat
MER102544,Grocery,Bengaluru,Uttar Pradesh
MER102545,E-commerce,Jaipur,Maharashtra
MER102546,Travel,Mysuru,Telangana
MER102547,Entertainment,Bengaluru,Delhi
MER102548,Grocery,Noida,Kerala
MER102549,Entertainment,Ahmedabad,Rajasthan
MER102550,Travel,Kolkata,West Bengal
MER102551,Healthcare,Kolkata,Karnataka
MER102552,E-commerce,New Delhi,Rajasthan
MER102553,E-commerce,Lucknow,Maharashtra
MER102554,Education,Lucknow,Karnataka
MER102555,E-commerce,Ahmedabad,Maharashtra
MER102556,Grocery,Kolkata,Kerala
MER102557,Food & Dining,Kolkata,Tamil Nadu
MER102558,Food & Dining,Kolkata,Karnataka
MER102559,Healthcare,Surat,West Bengal
MER102560,Healthcare,Pune,Uttar Pradesh
MER102561,Fuel,Chennai,Delhi
MER102562,Fuel,Pune,Gujarat
MER102563,Education,Nagpur,West Bengal
MER102564,Grocery,Chennai,Maharashtra
MER102565,Utilities,Jaipur,Gujarat
MER102566,Education,Nagpur,Maharashtra
MER102567,Education,Nagpur,Rajasthan
MER102568,Healthcare,Jaipur,West Bengal
MER102569,Healthcare,Chennai,Kerala
MER102570,Food & Dining,Ahmedabad,Delhi
MER102571,Grocery,Kolkata,Telangana
MER102572,Healthcare,Mumbai,Rajasthan
MER102573,Retail,Hyderabad,Tamil Nadu
MER102574,Education,Lucknow,Karnataka
MER102575,Grocery,Kochi,Gujarat
MER102576,Entertainment,Pune,Tamil Nadu
MER102577,Retail,Mysuru,Karnataka
MER102578,Entertainment,Nagpur,Maharashtra
MER102579,Grocery,Ahmedabad,Tamil Nadu
MER102580,Fuel,Pune,West Bengal
MER102581,Travel,Pune,West Bengal
MER102582,E-commerce,Noida,Uttar Pradesh
MER102583,Education,Bengaluru,Gujarat
MER102584,Education,New Delhi,West Bengal
MER102585,Fuel,Surat,Uttar Pradesh
MER102586,Entertainment,Lucknow,Maharashtra
MER102587,E-commerce,Surat,Uttar Pradesh
MER102588,Travel,Mysuru,Gujarat
MER102589,Retail,Nagpur,Karnataka
MER102590,Grocery,Jaipur,Telangana
MER102591,Travel,Bengaluru,Uttar Pradesh
MER102592,Utilities,Lucknow,Delhi
MER102593,Retail,Jaipur,Telangana
MER102594,E-commerce,Mumbai,West Bengal
MER102595,Retail,Nagpur,Maharashtra
MER102596,E-commerce,Hyderabad,Gujarat
MER102597,Food & Dining,Ahmedabad,Uttar Pradesh
MER102598,Healthcare,Lucknow,Telangana
MER102599,Food & Dining,Jaipur,Uttar Pradesh
MER102600,Education,Jaipur,Telangana
MER102601,E-commerce,Jaipur,Karnataka
MER102602,E-commerce,Kochi,West Bengal
MER102603,Travel,Kolkata,Tamil Nadu
MER102604,Grocery,Hyderabad,Rajasthan
MER102605,Retail,Jaipur,Gujarat
MER102606,Retail,Kochi,Delhi
MER102607,Education,Pune,West Bengal
MER102608,Fuel,Pune,Gujarat
MER102609,Education,Kochi,Gujarat
MER102610,Entertainment,Kochi,Maharashtra
MER102611,E-commerce,Nagpur,West Bengal
MER102612,Utilities,Ahmedabad,Rajasthan
MER102613,Retail,Bengaluru,Rajasthan
MER102614,Entertainment,Jaipur,Uttar Pradesh
MER102615,Healthcare,Hyderabad,Maharashtra
MER102616,Food & Dining,Kochi,Delhi
MER102617,Retail,Jaipur,Maharashtra
MER102618,Utilities,New Delhi,Karnataka
MER102619,Entertainment,Kolkata,Delhi
MER102620,Entertainment,Bengaluru,Tamil Nadu
MER102621,E-commerce,Jaipur,West Bengal
MER102622,Education,Bengaluru,West Bengal
MER102623,Food & Dining,Kolkata,Uttar Pradesh
MER102624,Healthcare,Pune,Uttar Pradesh
MER102625,Retail,Noida,Uttar Pradesh
MER102626,Utilities,Hyderabad,Telangana
MER102627,Education,Bengaluru,Tamil Nadu
MER102628,Utilities,New Delhi,West Bengal
MER102629,Entertainment,Ahmedabad,Tamil Nadu
MER102630,Grocery,Nagpur,Delhi
MER102631,Education,Bengaluru,West Bengal
MER102632,Retail,Surat,Rajasthan
MER102633,Food & Dining,Ahmedabad,Karnataka
MER102634,Grocery,Kolkata,West Bengal
MER102635,Retail,Nagpur,Gujarat
MER102636,Utilities,Pune,Gujarat
MER102637,Fuel,Noida,Maharashtra
MER102638,Travel,Mumbai,Gujarat
MER102639,Grocery,Mumbai,West Bengal
MER102640,E-commerce,Lucknow,Delhi
MER102641,Education,Mysuru,Telangana
MER102642,Healthcare,Noida,Telangana
MER102643,Retail,New Delhi,Telangana
MER102644,Food & Dining,Chennai,Tamil Nadu
MER102645,Food & Dining,Hyderabad,Rajasthan
MER102646,Travel,Lucknow,Telangana
MER102647,Fuel,Noida,Gujarat
MER102648,Entertainment,Ahmedabad,Gujarat
MER102649,Grocery,Mumbai,Rajasthan
MER102650,Grocery,Pune,West Bengal
MER102651,Fuel,Ahmedabad,Karnataka
MER102652,Food & Dining,Lucknow,Tamil Nadu
MER102653,Travel,Lucknow,Karnataka
MER102654,Grocery,Mumbai,Kerala
MER102655,Education,Kochi,Uttar Pradesh
MER102656,Food & Dining,Lucknow,Telangana
MER102657,Travel,Pune,Telangana
MER102658,Grocery,New Delhi,Rajasthan
MER102659,Travel,Mumbai,Karnataka
MER102660,Travel,Hyderabad,Maharashtra
MER102661,E-commerce,Mysuru,Telangana
MER102662,Grocery,Pune,Kerala
MER102663,Utilities,Bengaluru,Telangana
MER102664,Grocery,Kolkata,Uttar Pradesh
MER102665,Travel,Lucknow,Tamil Nadu
MER102666,Utilities,Jaipur,Gujarat
MER102667,Grocery,Kochi,Telangana
MER102668,Education,Kochi,Telangana
MER102669,Grocery,Kolkata,Tamil Nadu
MER102670,Retail,Mumbai,Delhi
MER102671,Education,Nagpur,Delhi
MER102672,Utilities,Kochi,Telangana
MER102673,E-commerce,Surat,Telangana
MER102674,Fuel,New Delhi,West Bengal
MER102675,Retail,Mumbai,Rajasthan
MER102676,Healthcare,Jaipur,Kerala
MER102677,Travel,Nagpur,West Bengal
MER102678,Travel,Mysuru,Delhi
MER102679,Grocery,Jaipur,Maharashtra
MER102680,Travel,Surat,Telangana
MER102681,Retail,Kolkata,Tamil Nadu
MER102682,Healthcare,Pune,Uttar Pradesh
MER102683,Travel,Noida,Tamil Nadu
MER102684,Grocery,Kochi,Rajasthan
MER102685,Grocery,Pune,Gujarat
MER102686,Healthcare,Surat,Delhi
MER102687,Fuel,Mumbai,West Bengal
MER102688,Education,Jaipur,Delhi
MER102689,Fuel,Pune,West Bengal
MER102690,Healthcare,Kochi,Rajasthan
MER102691,Grocery,Kolkata,Gujarat
MER102692,E-commerce,Lucknow,Delhi
MER102693,E-commerce,Chennai,Karnataka
MER102694,Entertainment,Noida,Tamil Nadu
MER102695,Healthcare,Kolkata,Delhi
MER102696,Food & Dining,Surat,West Bengal
MER102697,E-commerce,Mumbai,Uttar Pradesh
MER102698,Fuel,Ahmedabad,Karnataka
MER102699,E-commerce,Kochi,Tamil Nadu
MER102700,E-commerce,New Delhi,Tamil Nadu
MER102701,Healthcare,Pune,West Bengal
MER102702,Healthcare,Bengaluru,West Bengal
MER102703,Entertainment,Mysuru,Tamil Nadu
MER102704,E-commerce,Hyderabad,Tamil Nadu
MER102705,Retail,Ahmedabad,Rajasthan
MER102706,Travel,Bengaluru,Kerala
MER102707,Retail,Lucknow,Gujarat
MER102708,Healthcare,Surat,Rajasthan
MER102709,Entertainment,Jaipur,West Bengal
MER102710,Retail,Pune,Maharashtra
MER102711,E-commerce,Mysuru,Karnataka
MER102712,Fuel,Nagpur,Telangana
MER102713,Education,Surat,West Bengal
MER102714,Travel,Surat,Maharashtra
MER102715,E-commerce,Surat,Uttar Pradesh
MER102716,Education,New Delhi,Tamil Nadu
MER102717,Grocery,New Delhi,West Bengal
MER102718,E-commerce,Hyderabad,Delhi
MER102719,Food & Dining,Chennai,Rajasthan
MER102720,Education,Mysuru,West Bengal
MER102721,Utilities,Jaipur,Gujarat
MER102722,Grocery,Hyderabad,Maharashtra
MER102723,Fuel,Bengaluru,Rajasthan
MER102724,Retail,Nagpur,Delhi
MER102725,Healthcare,Jaipur,Maharashtra
MER102726,E-commerce,Pune,Delhi
MER102727,Entertainment,Lucknow,Karnataka
MER102728,Grocery,Kochi,Maharashtra
MER102729,Grocery,Hyderabad,Delhi
MER102730,Retail,Chennai,Telangana
MER102731,Travel,Chennai,Delhi
MER102732,Education,Surat,Gujarat
MER102733,Utilities,Kochi,Telangana
MER102734,E-commerce,Jaipur,Tamil Nadu
MER102735,E-commerce,Bengaluru,Rajasthan
MER102736,Utilities,Noida,Kerala
MER102737,E-commerce,Noida,Tamil Nadu
MER102738,Travel,Hyderabad,Maharashtra
MER102739,Fuel,Bengaluru,Karnataka
MER102740,Retail,Bengaluru,Delhi
MER102741,Healthcare,Noida,Karnataka
MER102742,Retail,New Delhi,West Bengal
MER102743,Entertainment,Bengaluru,Uttar Pradesh
MER102744,Grocery,Lucknow,Delhi
MER102745,E-commerce,Chennai,Rajasthan
MER102746,Retail,Lucknow,Kerala
MER102747,Travel,New Delhi,Kerala
MER102748,Education,Hyderabad,Delhi
MER102749,Entertainment,Kolkata,Gujarat
MER102750,Healthcare,Mumbai,Gujarat
MER102751,Fuel,Pune,Maharashtra
MER102752,Education,Bengaluru,Kerala
MER102753,Education,Nagpur,Maharashtra
MER102754,Fuel,Surat,Tamil Nadu
MER102755,Education,Nagpur,Telangana
MER102756,Grocery,Kolkata,West Bengal
MER102757,Entertainment,Noida,Telangana
MER102758,Education,Lucknow,Gujarat
MER102759,E-commerce,Noida,West Bengal
MER102760,Food & Dining,Pune,Kerala
MER102761,Healthcare,Lucknow,Tamil Nadu
MER102762,Food & Dining,Mysuru,West Bengal
MER102763,E-commerce,Kochi,Maharashtra
MER102764,E-commerce,Noida,Delhi
MER102765,E-commerce,Chennai,Maharashtra
MER102766,E-commerce,Lucknow,Tamil Nadu
MER102767,Entertainment,Bengaluru,Rajasthan
MER102768,Retail,Nagpur,Tamil Nadu
MER102769,Fuel,Hyderabad,Uttar Pradesh
MER102770,Retail,Lucknow,Uttar Pradesh
MER102771,Healthcare,Hyderabad,Rajasthan
MER102772,Fuel,Surat,Kerala
MER102773,Travel,Chennai,Gujarat
MER102774,Entertainment,New Delhi,Telangana
MER102775,Education,Nagpur,Tamil Nadu
MER102776,Retail,Kochi,Gujarat
MER102777,Food & Dining,Chennai,Telangana
MER102778,Utilities,Mysuru,Rajasthan
MER102779,Grocery,Hyderabad,Tamil Nadu
MER102780,Utilities,Chennai,Uttar Pradesh
MER102781,Fuel,Ahmedabad,Uttar Pradesh
MER102782,Entertainment,Nagpur,Telangana
MER102783,E-commerce,Mysuru,Rajasthan
MER102784,Utilities,Lucknow,Maharashtra
MER102785,Retail,Nagpur,Delhi
MER102786,Travel,Mumbai,Rajasthan
MER102787,E-commerce,Pune,Maharashtra
MER102788,Utilities,Kolkata,Kerala
MER102789,Retail,Kochi,Delhi
MER102790,Fuel,Chennai,Tamil Nadu
MER102791,Food & Dining,Surat,Kerala
MER102792,Grocery,Jaipur,Uttar Pradesh
MER102793,Healthcare,Mumbai,Tamil Nadu
MER102794,Retail,Mumbai,Maharashtra
MER102795,Food & Dining,Jaipur,Maharashtra
MER102796,Retail,Nagpur,Uttar Pradesh
MER102797,Entertainment,Nagpur,Tamil Nadu
MER102798,Grocery,Mumbai,Gujarat
MER102799,Healthcare,Jaipur,Delhi
MER102800,E-commerce,Hyderabad,Uttar Pradesh
MER102801,Education,Mumbai,Tamil Nadu
MER102802,Entertainment,Noida,Delhi
MER102803,Entertainment,Hyderabad,Gujarat
MER102804,Food & Dining,Lucknow,Kerala
MER102805,Grocery,Noida,Delhi
MER102806,Entertainment,Nagpur,West Bengal
MER102807,Utilities,Mumbai,Telangana
MER102808,Utilities,Chennai,Karnataka
MER102809,Retail,Jaipur,Kerala
MER102810,Travel,Bengaluru,Telangana
MER102811,Utilities,Noida,Gujarat
MER102812,Fuel,Mysuru,Kerala
MER102813,E-commerce,Jaipur,Tamil Nadu
MER102814,Utilities,Pune,Telangana
MER102815,Utilities,Ahmedabad,Uttar Pradesh
MER102816,E-commerce,Bengaluru,Gujarat
MER102817,Retail,Bengaluru,Telangana
MER102818,Travel,Surat,Telangana
MER102819,Grocery,Ahmedabad,Uttar Pradesh
MER102820,Food & Dining,Chennai,Gujarat
MER102821,Food & Dining,Bengaluru,Karnataka
MER102822,Utilities,Chennai,Uttar Pradesh
MER102823,Travel,Kochi,Rajasthan
MER102824,Education,Hyderabad,Gujarat
MER102825,Entertainment,Lucknow,Karnataka
MER102826,Grocery,Mysuru,Delhi
MER102827,Grocery,Chennai,Telangana
MER102828,Education,Mysuru,Kerala
MER102829,Utilities,Surat,Uttar Pradesh
MER102830,E-commerce,New Delhi,Kerala
MER102831,Education,Surat,Uttar Pradesh
MER102832,Education,Kochi,Telangana
MER102833,Entertainment,New Delhi,West Bengal
MER102834,Entertainment,Jaipur,Tamil Nadu
MER102835,Fuel,Kochi,Gujarat
MER102836,E-commerce,Kolkata,Maharashtra
MER102837,Fuel,Nagpur,Tamil Nadu
MER102838,Food & Dining,Kolkata,Telangana
MER102839,Retail,Noida,Delhi
MER102840,Retail,New Delhi,Tamil Nadu
MER102841,E-commerce,Nagpur,Tamil Nadu
MER102842,Fuel,Jaipur,Uttar Pradesh
MER102843,E-commerce,Hyderabad,Karnataka
MER102844,E-commerce,Pune,Maharashtra
MER102845,Utilities,Surat,Delhi
MER102846,Education,Ahmedabad,Tamil Nadu
MER102847,Travel,Mysuru,Rajasthan
MER102848,Retail,Ahmedabad,Rajasthan
MER102849,Grocery,Jaipur,Uttar Pradesh
MER102850,Utilities,New Delhi,Maharashtra
MER102851,Education,Lucknow,Rajasthan
MER102852,E-commerce,Mysuru,Rajasthan
MER102853,Healthcare,Hyderabad,Rajasthan
MER102854,Travel,New Delhi,Karnataka
MER102855,Retail,Kochi,Karnataka
MER102856,Entertainment,Kolkata,Tamil Nadu
MER102857,Retail,Mumbai,Uttar Pradesh
MER102858,Healthcare,Bengaluru,Maharashtra
MER102859,Retail,Kolkata,Tamil Nadu
MER102860,E-commerce,Mysuru,Telangana
MER102861,Fuel,Chennai,Tamil Nadu
MER102862,E-commerce,Kolkata,West Bengal
MER102863,Food & Dining,Pune,Karnataka
MER102864,Utilities,Surat,Karnataka
MER102865,Fuel,Jaipur,West Bengal
MER102866,Retail,New Delhi,Tamil Nadu
MER102867,E-commerce,Pune,Delhi
MER102868,Education,Lucknow,Delhi
MER102869,Utilities,Ahmedabad,Delhi
MER102870,Retail,Lucknow,Kerala
MER102871,Utilities,Nagpur,West Bengal
MER102872,E-commerce,Noida,West Bengal
MER102873,Education,Lucknow,Gujarat
MER102874,Grocery,Chennai,Telangana
MER102875,Travel,New Delhi,Maharashtra
MER102876,Food & Dining,Mumbai,Uttar Pradesh
MER102877,Fuel,Lucknow,Delhi
MER102878,Entertainment,Nagpur,West Bengal
MER102879,Travel,Mumbai,Karnataka
MER102880,Grocery,Kochi,Uttar Pradesh
MER102881,Food & Dining,Kochi,West Bengal
MER102882,Education,Jaipur,Telangana
MER102883,E-commerce,Noida,Karnataka
MER102884,Entertainment,Nagpur,Delhi
MER102885,E-commerce,Kolkata,Delhi
MER102886,Grocery,Mumbai,Delhi
MER102887,Retail,Lucknow,Telangana
MER102888,Fuel,Hyderabad,Karnataka
MER102889,Travel,Ahmedabad,Kerala
MER102890,Healthcare,Jaipur,Maharashtra
MER102891,E-commerce,Pune,Gujarat
MER102892,Retail,New Delhi,Delhi
MER102893,E-commerce,Noida,Delhi
MER102894,Utilities,Kolkata,Uttar Pradesh
MER102895,Utilities,Chennai,Rajasthan
MER102896,Fuel,Mysuru,Rajasthan
MER102897,Healthcare,Nagpur,Maharashtra
MER102898,Utilities,Bengaluru,Karnataka
MER102899,Education,Nagpur,West Bengal
MER102900,Retail,Bengaluru,Rajasthan
MER102901,Retail,Mysuru,Karnataka
MER102902,Entertainment,Noida,Maharashtra
MER102903,E-commerce,Surat,Karnataka
MER102904,Travel,Bengaluru,Tamil Nadu
MER102905,Utilities,Noida,Maharashtra
MER102906,E-commerce,Surat,Rajasthan
MER102907,Education,Bengaluru,Tamil Nadu
MER102908,Food & Dining,Mumbai,Gujarat
MER102909,Entertainment,Lucknow,Delhi
MER102910,Utilities,Nagpur,Telangana
MER102911,Retail,Surat,West Bengal
MER102912,Fuel,Nagpur,Tamil Nadu
MER102913,Travel,Mysuru,Telangana
MER102914,Food & Dining,Surat,Maharashtra
MER102915,Healthcare,Pune,Gujarat
MER102916,Entertainment,Lucknow,Uttar Pradesh
MER102917,Education,Lucknow,Uttar Pradesh
MER102918,Education,Jaipur,Delhi
MER102919,Grocery,Bengaluru,Telangana
MER102920,Healthcare,New Delhi,Gujarat
MER102921,Grocery,Surat,West Bengal
MER102922,Grocery,Bengaluru,Gujarat
MER102923,Food & Dining,Nagpur,Telangana
MER102924,Retail,Mumbai,Maharashtra
MER102925,Fuel,Ahmedabad,Gujarat
MER102926,E-commerce,Hyderabad,Rajasthan
MER102927,Food & Dining,Jaipur,Delhi
MER102928,Healthcare,Kochi,West Bengal
MER102929,Education,Ahmedabad,Tamil Nadu
MER102930,E-commerce,Surat,Kerala
MER102931,Grocery,Pune,Telangana
MER102932,Travel,Pune,Tamil Nadu
MER102933,Grocery,Chennai,Telangana
MER102934,Fuel,Chennai,Gujarat
MER102935,Grocery,Kolkata,Delhi
MER102936,Utilities,New Delhi,Uttar Pradesh
MER102937,Fuel,Mysuru,West Bengal
MER102938,Retail,Noida,West Bengal
MER102939,Entertainment,Mumbai,Uttar Pradesh
MER102940,Utilities,Noida,Rajasthan
MER102941,Food & Dining,Bengaluru,Kerala
MER102942,Utilities,Mysuru,Gujarat
MER102943,Utilities,Hyderabad,Telangana
MER102944,Utilities,Kochi,Tamil Nadu
MER102945,E-commerce,Nagpur,Uttar Pradesh
MER102946,Entertainment,Mysuru,Tamil Nadu
MER102947,Education,Kochi,Tamil Nadu
MER102948,Utilities,Ahmedabad,Rajasthan
MER102949,E-commerce,Surat,Rajasthan
MER102950,Education,Chennai,Maharashtra
MER102951,Entertainment,Kochi,Tamil Nadu
MER102952,Food & Dining,Pune,West Bengal
MER102953,Education,Kochi,Gujarat
MER102954,Entertainment,Surat,Tamil Nadu
MER102955,Fuel,Surat,Rajasthan
MER102956,Entertainment,Lucknow,West Bengal
MER102957,Utilities,Surat,Delhi
MER102958,Entertainment,Chennai,Rajasthan
MER102959,Healthcare,Pune,Rajasthan
MER102960,Education,Mumbai,Tamil Nadu
MER102961,Grocery,Hyderabad,Maharashtra
MER102962,Retail,Jaipur,Tamil Nadu
MER102963,Fuel,Ahmedabad,Karnataka
MER102964,Entertainment,Jaipur,Kerala
MER102965,Food & Dining,Kolkata,Maharashtra
MER102966,E-commerce,Pune,Kerala
MER102967,Entertainment,Ahmedabad,Karnataka
MER102968,Education,Kolkata,Karnataka
MER102969,Healthcare,Chennai,Rajasthan
MER102970,Utilities,Surat,Gujarat
MER102971,Travel,Kochi,Kerala
MER102972,Grocery,Kolkata,West Bengal
MER102973,Travel,Ahmedabad,Karnataka
MER102974,Food & Dining,Surat,West Bengal
MER102975,Education,Mysuru,Kerala
MER102976,Education,Mumbai,Kerala
MER102977,Retail,Kolkata,Gujarat
MER102978,E-commerce,Surat,West Bengal
MER102979,Grocery,Mysuru,Tamil Nadu
MER102980,Food & Dining,Mumbai,Delhi
MER102981,Entertainment,Hyderabad,Karnataka
MER102982,Travel,Kolkata,Kerala
MER102983,Retail,Chennai,Uttar Pradesh
MER102984,Utilities,Kolkata,Maharashtra
MER102985,E-commerce,Pune,Maharashtra
MER102986,Travel,Pune,Karnataka
MER102987,Healthcare,Mumbai,West Bengal
MER102988,Entertainment,Bengaluru,Uttar Pradesh
MER102989,Fuel,Noida,Kerala
MER102990,Retail,New Delhi,West Bengal
MER102991,Utilities,Noida,Gujarat
MER102992,Utilities,New Delhi,West Bengal
MER102993,Healthcare,Pune,Telangana
MER102994,Utilities,Chennai,Kerala
MER102995,Retail,Bengaluru,Kerala
MER102996,Retail,New Delhi,Gujarat
MER102997,Utilities,Hyderabad,West Bengal
MER102998,Grocery,Lucknow,Telangana
MER102999,Entertainment,Jaipur,Delhi
MER103000,Retail,Mysuru,Kerala
